0.1177723,0.6491588,-0.02471319
0.1178627,0.6490026,-0.0245965
0.1179747,0.6487942,-0.0244737
0.1180717,0.6486884,-0.02442165
0.118238,0.6487319,-0.02442898
0.1183983,0.6487873,-0.0244156
0.1185188,0.6489884,-0.02442349
0.1185416,0.6491886,-0.0244083
0.1185871,0.6493252,-0.02431311
0.1186262,0.6494325,-0.02427186
0.1186734,0.6495755,-0.02428509
0.1186467,0.6497969,-0.02429537
0.1185621,0.6498957,-0.02428678
0.1183301,0.6499956,-0.02424146
0.1183119,0.6499692,-0.02424739
0.1182483,0.6499012,-0.02424179
0.1181341,0.649812,-0.02423327
0.1179728,0.6495355,-0.02427219
0.1177888,0.6493275,-0.02433325
0.1175419,0.649046,-0.02437781
0.1172149,0.6487242,-0.02435473
0.1169054,0.6482955,-0.02433436
0.1166241,0.6477634,-0.02433117
0.1163966,0.6474934,-0.02440681
0.116326,0.6473379,-0.02445342
0.1162523,0.6473442,-0.02446879
0.1163177,0.6474745,-0.0245299
0.1163451,0.6476072,-0.02469829
0.1163394,0.6476692,-0.02476712
0.1163479,0.6477956,-0.02477928
0.116334,0.6479182,-0.02480167
0.1164539,0.6480877,-0.02479358
0.1165442,0.6483465,-0.02494992
0.1165464,0.6485251,-0.02513687
0.1162072,0.6488137,-0.024938
0.1159203,0.6491106,-0.02486186
0.1157385,0.6495355,-0.02468303
0.1153133,0.6497653,-0.02449505
0.1146999,0.650178,-0.02448042
0.1143964,0.6503654,-0.02435678
0.1137578,0.6504391,-0.02439128
0.113321,0.6508223,-0.02437326
0.1127094,0.6507943,-0.02405857
0.1122653,0.6512485,-0.0242859
0.1117916,0.6512097,-0.0239367
0.1117318,0.6520001,-0.02393244
0.1114226,0.6520994,-0.023701
0.1111247,0.6524723,-0.02380212
0.1108497,0.6523363,-0.02384469
0.1108203,0.6521981,-0.0241295
0.1109395,0.6517933,-0.02449511
0.1108517,0.6514512,-0.0248176
0.1104656,0.6503027,-0.02518396
0.109932,0.6484848,-0.02532224
0.1091832,0.6461716,-0.02549036
0.1079472,0.6430615,-0.02544846
0.1060306,0.6378565,-0.02552126
0.1037788,0.6325709,-0.02557619
0.1010942,0.6256946,-0.0264511
0.09806364,0.6172661,-0.02738193
0.09636453,0.6102879,-0.02888519
0.09349944,0.6025077,-0.03066252
0.09057663,0.600216,-0.02860583
0.0885037,0.5944341,-0.02952407
0.08692174,0.5820495,-0.03685547
0.08692174,0.5820495,-0.03685547
0.08692174,0.5820495,-0.03685547
0.08692174,0.5820495,-0.03685547
0.08692174,0.5820495,-0.03685547
0.08692174,0.5820495,-0.03685547
0.08692174,0.5820495,-0.03685547
0.08692174,0.5820495,-0.03685547
0.08692174,0.5820495,-0.03685547
0.08692174,0.5820495,-0.03685547
0.08692174,0.5820495,-0.03685547
0.08692174,0.5820495,-0.03685547
0.08692174,0.5820495,-0.03685547
0.08692174,0.5820495,-0.03685547
0.08692174,0.5820495,-0.03685547
0.08692174,0.5820495,-0.03685547
0.08692174,0.5820495,-0.03685547
0.08692174,0.5820495,-0.03685547
0.08692174,0.5820495,-0.03685547
0.08692174,0.5820495,-0.03685547
0.08692174,0.5820495,-0.03685547
0.08692174,0.5820495,-0.03685547
0.08692174,0.5820495,-0.03685547
0.08692174,0.5820495,-0.03685547
0.08692174,0.5820495,-0.03685547
0.08692174,0.5820495,-0.03685547
0.08692174,0.5820495,-0.03685547
0.08692174,0.5820495,-0.03685547
0.08692174,0.5820495,-0.03685547
0.08692174,0.5820495,-0.03685547
0.08692174,0.5820495,-0.03685547
0.08692174,0.5820495,-0.03685547
0.08692174,0.5820495,-0.03685547
0.08692174,0.5820495,-0.03685547
0.08692174,0.5820495,-0.03685547
0.08692174,0.5820495,-0.03685547
0.08692174,0.5820495,-0.03685547
0.08692174,0.5820495,-0.03685547
0.08692174,0.5820495,-0.03685547
0.08692174,0.5820495,-0.03685547
0.08692174,0.5820495,-0.03685547
0.08692174,0.5820495,-0.03685547
0.08692174,0.5820495,-0.03685547
0.08692174,0.5820495,-0.03685547
0.08692174,0.5820495,-0.03685547
0.08692174,0.5820495,-0.03685547
0.08692174,0.5820495,-0.03685547
0.08692174,0.5820495,-0.03685547
0.08692174,0.5820495,-0.03685547
0.08692174,0.5820495,-0.03685547
0.08692174,0.5820495,-0.03685547
0.08692174,0.5820495,-0.03685547
0.08692174,0.5820495,-0.03685547
0.08692174,0.5820495,-0.03685547
0.08692174,0.5820495,-0.03685547
0.08692174,0.5820495,-0.03685547
0.08692174,0.5820495,-0.03685547
0.08692174,0.5820495,-0.03685547
0.08692174,0.5820495,-0.03685547
0.08692174,0.5820495,-0.03685547
0.08692174,0.5820495,-0.03685547
0.08692174,0.5820495,-0.03685547
0.08692174,0.5820495,-0.03685547
0.08692174,0.5820495,-0.03685547
0.08692174,0.5820495,-0.03685547
0.08692174,0.5820495,-0.03685547
0.08692174,0.5820495,-0.03685547
0.08692174,0.5820495,-0.03685547
0.08692174,0.5820495,-0.03685547
0.08692174,0.5820495,-0.03685547
0.08692174,0.5820495,-0.03685547
0.08692174,0.5820495,-0.03685547
0.08692174,0.5820495,-0.03685547
0.08692174,0.5820495,-0.03685547
0.08692174,0.5820495,-0.03685547
0.08692174,0.5820495,-0.03685547
0.08692174,0.5820495,-0.03685547
0.08692174,0.5820495,-0.03685547
0.08692174,0.5820495,-0.03685547
0.08692174,0.5820495,-0.03685547
0.08692174,0.5820495,-0.03685547
0.08692174,0.5820495,-0.03685547
0.08692174,0.5820495,-0.03685547
0.08692174,0.5820495,-0.03685547
0.08692174,0.5820495,-0.03685547
0.08692174,0.5820495,-0.03685547
0.08692174,0.5820495,-0.03685547
0.08692174,0.5820495,-0.03685547
0.08692174,0.5820495,-0.03685547
0.08692174,0.5820495,-0.03685547
0.08692174,0.5820495,-0.03685547
0.08692174,0.5820495,-0.03685547
0.08692174,0.5820495,-0.03685547
0.08692174,0.5820495,-0.03685547
0.08692174,0.5820495,-0.03685547
0.08692174,0.5820495,-0.03685547
0.08692174,0.5820495,-0.03685547
0.08692174,0.5820495,-0.03685547
0.08692174,0.5820495,-0.03685547
0.08692174,0.5820495,-0.03685547
0.08692174,0.5820495,-0.03685547
0.08692174,0.5820495,-0.03685547
0.08692174,0.5820495,-0.03685547
0.08692174,0.5820495,-0.03685547
0.08692174,0.5820495,-0.03685547
0.08692174,0.5820495,-0.03685547
0.08692174,0.5820495,-0.03685547
0.08692174,0.5820495,-0.03685547
0.08692174,0.5820495,-0.03685547
0.08692174,0.5820495,-0.03685547
0.08692174,0.5820495,-0.03685547
0.08692174,0.5820495,-0.03685547
0.08692174,0.5820495,-0.03685547
0.08692174,0.5820495,-0.03685547
0.08692174,0.5820495,-0.03685547
0.08692174,0.5820495,-0.03685547
0.08692174,0.5820495,-0.03685547
0.08692174,0.5820495,-0.03685547
0.08692174,0.5820495,-0.03685547
0.08692174,0.5820495,-0.03685547
0.08692174,0.5820495,-0.03685547
0.08692174,0.5820495,-0.03685547
0.08692174,0.5820495,-0.03685547
0.08692174,0.5820495,-0.03685547
0.08692174,0.5820495,-0.03685547
0.08692174,0.5820495,-0.03685547
0.08692174,0.5820495,-0.03685547
0.08692174,0.5820495,-0.03685547
0.08692174,0.5820495,-0.03685547
0.08692174,0.5820495,-0.03685547
0.08692174,0.5820495,-0.03685547
0.08692174,0.5820495,-0.03685547
0.08692174,0.5820495,-0.03685547
0.08692174,0.5820495,-0.03685547
0.08692174,0.5820495,-0.03685547
0.05709006,0.6702619,-0.0465956
0.07952029,0.7107591,-0.05700533
0.08507954,0.7178023,-0.05738507
0.08418219,0.7124065,-0.05570237
0.08442193,0.7089639,-0.05472969
0.08483391,0.706157,-0.05393033
0.08565621,0.7027799,-0.05319153
0.08689018,0.7019179,-0.05252518
0.08879781,0.7023848,-0.05271092
0.09079994,0.7032511,-0.05265385
0.09263229,0.7042683,-0.05280529
0.09408173,0.7051981,-0.05293082
0.09544701,0.7056108,-0.05309902
0.09661414,0.7054694,-0.05317245
0.09746807,0.7048054,-0.05326754
0.0982753,0.7042747,-0.05330859
0.09946121,0.7038079,-0.0534977
0.1010647,0.7044449,-0.05397078
0.1024109,0.7048643,-0.05452172
0.1036378,0.7049049,-0.0548338
0.1045921,0.7044678,-0.05533057
0.1052973,0.7033358,-0.05590527
0.1056923,0.7022021,-0.05636103
0.1063899,0.7015741,-0.05699427
0.106953,0.7007874,-0.05759875
0.1073436,0.6999887,-0.05825339
0.1079604,0.6994529,-0.05906548
0.108367,0.6982916,-0.05971444
0.1085062,0.6973153,-0.06024857
0.1086481,0.6961995,-0.06095265
0.1087845,0.6948269,-0.06164281
0.108757,0.6934527,-0.06225862
0.1086826,0.6921509,-0.06293114
0.1085988,0.6907309,-0.06357099
0.1084568,0.6892751,-0.06415498
0.1083319,0.6881739,-0.06467389
0.108262,0.6873322,-0.06523079
0.1082163,0.6864305,-0.06570424
0.1081862,0.6857784,-0.06603633
0.1077655,0.6846783,-0.06662454
0.1075798,0.6837857,-0.06725092
0.1073155,0.6822446,-0.0677491
0.1069127,0.6810837,-0.06809908
0.106441,0.6797257,-0.06862144
0.106282,0.6786357,-0.06940538
0.1062705,0.677687,-0.06965877
0.1061033,0.6769229,-0.07007633
0.1058423,0.6761313,-0.0704809
0.1053502,0.6756704,-0.07072616
0.1049786,0.6757162,-0.07100417
0.1045924,0.6761118,-0.07110734
0.1041359,0.676836,-0.0713395
0.1034961,0.6777653,-0.07140507
0.1028201,0.678614,-0.0713897
0.1020292,0.6794384,-0.07142317
0.1011166,0.6799892,-0.07173181
0.1001521,0.6805035,-0.07183915
0.09915662,0.6811295,-0.07209535
0.09812377,0.6816807,-0.07217227
0.09707295,0.6821054,-0.07238926
0.09604666,0.6823402,-0.07252689
0.09496075,0.6827691,-0.0725985
0.09391259,0.6830626,-0.07265544
0.09283178,0.6831053,-0.07282402
0.09172668,0.6833165,-0.07299758
0.09076296,0.683556,-0.07303409
0.08968087,0.6837834,-0.0731256
0.08865564,0.6838514,-0.07324
0.08771048,0.6839111,-0.07312517
0.08686021,0.6841879,-0.07317761
0.0859365,0.6842777,-0.07326041
0.08492225,0.6841443,-0.0732639
0.08388822,0.6840532,-0.07332014
0.08307593,0.6838076,-0.0734853
0.08242705,0.6836153,-0.07354979
0.0818112,0.6833324,-0.07369559
0.0811726,0.6832495,-0.07401137
0.08050501,0.6833721,-0.07414602
0.08008461,0.6836084,-0.0742269
0.07973967,0.6837997,-0.07434197
0.07925065,0.6837447,-0.07445712
0.07862489,0.6835182,-0.0745634
0.07815173,0.6832142,-0.07474138
0.0777362,0.6828673,-0.07494636
0.07727854,0.6826262,-0.075096
0.07689278,0.6823638,-0.07523388
0.07675962,0.6820524,-0.07527182
0.0767621,0.6814628,-0.07534486
0.07673292,0.6809109,-0.07543343
0.07664123,0.6796398,-0.07554348
0.07662062,0.6788775,-0.07569293
0.07677703,0.6782523,-0.07577286
0.07750069,0.6770521,-0.07570087
0.078704,0.675767,-0.07544202
0.07944256,0.6741269,-0.07515611
0.08041018,0.6718512,-0.07456712
0.08196566,0.6696196,-0.07369992
0.0835496,0.6670986,-0.07272243
0.08527446,0.6645616,-0.07180028
0.08726105,0.6623817,-0.07067084
0.08902673,0.6607891,-0.06960247
0.0903413,0.658413,-0.06855577
0.09218562,0.6562524,-0.06770976
0.09344332,0.6546584,-0.06704392
0.09485063,0.6529818,-0.06622474
0.09617195,0.6520651,-0.06625508
0.09737589,0.6511005,-0.06561396
0.09821106,0.650306,-0.06507434
0.0995455,0.6504393,-0.06457964
0.1008749,0.6512185,-0.06429531
0.1022904,0.6519535,-0.06407191
0.1037493,0.6524866,-0.06375898
0.1048548,0.6526144,-0.06342568
0.1058652,0.6518813,-0.06298433
0.1065959,0.6508258,-0.06228594
0.1075245,0.6494058,-0.06201048
0.1085593,0.6483064,-0.06152359
0.109681,0.6475955,-0.06108932
0.1110481,0.6471748,-0.06034283
0.1125177,0.6469743,-0.06006941
0.1142239,0.6469384,-0.05954586
0.1158835,0.6469282,-0.05937432
0.1170706,0.6468664,-0.0590464
0.1179672,0.6468095,-0.05868389
0.1188809,0.6469336,-0.0584646
0.1194556,0.6470842,-0.05862819
0.1194416,0.6469971,-0.05909549
0.1195803,0.6464499,-0.05954798
0.1198062,0.6458602,-0.06000564
0.1197673,0.6452136,-0.06047718
0.1196005,0.6448926,-0.06046082
0.1190697,0.6461472,-0.05922045
0.1184851,0.6480387,-0.05844967
0.1183961,0.6496149,-0.0588008
0.1183884,0.6502195,-0.06009592
0.1183644,0.6499372,-0.06098063
0.1180973,0.6493627,-0.0622779
0.1179263,0.6486133,-0.06344824
0.1179255,0.6471673,-0.06458063
0.1184214,0.646027,-0.06548977
0.1186609,0.6443141,-0.0665355
0.1190647,0.6431958,-0.06757012
0.1195775,0.6430793,-0.06855245
0.1205506,0.6439211,-0.06930719
0.1210542,0.6454594,-0.06935616
0.1213282,0.6469202,-0.06958713
0.1219041,0.648734,-0.06986101
0.1220967,0.6499889,-0.07043977
0.1221433,0.6502951,-0.07067822
0.1213611,0.64953,-0.07057397
0.1204456,0.6482004,-0.07028507
0.1194475,0.6470397,-0.07035349
0.1186992,0.6460247,-0.07030663
0.1179531,0.6452689,-0.07003669
0.1171879,0.6442902,-0.07000273
0.1166359,0.6437738,-0.06997065
8.627362,0.64349,0.8987663
8.627446,0.6434106,0.8986477
8.627634,0.643611,0.8985827
8.628005,0.6441888,0.8985878
8.628345,0.6448569,0.898706
8.628802,0.6453433,0.8988309
8.629146,0.6454661,0.8987068
8.629376,0.6454885,0.898606
8.629637,0.6455587,0.8987132
8.629905,0.6454254,0.8989463
8.630318,0.6450874,0.89942
8.630589,0.6451375,0.8998117
8.630671,0.6451391,0.900358
8.630748,0.6453368,0.9011232
8.630707,0.6455343,0.9018522
8.630389,0.646183,0.9029683
8.630279,0.6467969,0.9036439
8.629744,0.6469753,0.9038566
8.629009,0.6469445,0.9040179
8.627943,0.6464884,0.9041072
8.62715,0.6462024,0.9044326
8.626207,0.6451788,0.9048401
8.624973,0.6441793,0.9049177
8.624174,0.6433142,0.9049582
8.623172,0.6422497,0.9051465
8.62191,0.6409725,0.9047899
8.621159,0.6396872,0.9042703
8.620548,0.6386296,0.9036178
8.619823,0.6382113,0.9029472
8.619262,0.6381896,0.9025257
8.618899,0.6388656,0.9020569
8.618037,0.6386165,0.9014049
8.616817,0.6374915,0.9003616
8.6154,0.6358725,0.8998025
8.613403,0.6337272,0.8990958
8.611426,0.6312038,0.8979622
8.608958,0.6280155,0.8961534
8.606813,0.625473,0.89412
8.603998,0.6217318,0.8917531
8.601427,0.6180856,0.8889351
8.59942,0.6147778,0.8854795
8.597604,0.6121325,0.8822828
8.595945,0.6096147,0.8786477
8.594433,0.6066581,0.8749623
8.592819,0.6019964,0.8712677
8.59161,0.5970494,0.867718
8.590508,0.592023,0.864432
8.589475,0.5870438,0.8608763
8.588681,0.5828787,0.8577484
8.587657,0.5787275,0.8542551
8.585825,0.5757694,0.8506169
8.584526,0.5740967,0.8478583
8.582752,0.572079,0.8450279
8.581034,0.5709659,0.841826
8.5797,0.5702035,0.8395309
8.577909,0.5687767,0.83696
8.576266,0.5683622,0.8343174
8.574501,0.5670882,0.8302385
8.572641,0.5660287,0.8257237
8.570763,0.5640886,0.8190395
8.569534,0.5614162,0.8126378
8.56858,0.5589107,0.806265
8.568526,0.5566317,0.8004373
8.56915,0.5551122,0.7957112
8.569884,0.5535685,0.7909762
8.57079,0.5527861,0.7871571
8.572113,0.5519737,0.7828016
8.573501,0.5505478,0.7784222
8.575113,0.5480814,0.7742437
8.57687,0.5453177,0.7702875
8.57919,0.5413129,0.7658973
8.582018,0.5374162,0.7617888
8.584003,0.5336975,0.7580414
8.58605,0.5285758,0.7532399
8.589243,0.5242579,0.7504369
8.592606,0.5190242,0.7471695
8.596525,0.5137289,0.7445921
8.599801,0.5097036,0.7421365
8.602522,0.507044,0.7396721
8.604507,0.5049968,0.737872
8.606444,0.5031437,0.7357945
8.607784,0.5006127,0.7327609
8.609881,0.4971805,0.7292461
8.613544,0.4914331,0.725217
8.618764,0.4852477,0.7223916
8.624399,0.4792562,0.7197846
8.630585,0.4744319,0.7170601
8.637628,0.4701374,0.7146371
8.643464,0.4669116,0.7126696
8.648783,0.4654427,0.7100646
8.654042,0.4651061,0.7068824
8.657204,0.4647081,0.704054
8.661505,0.4634598,0.7000388
8.666341,0.4613618,0.6973984
8.671935,0.4580128,0.6954216
8.677479,0.4545261,0.694091
8.68256,0.4512014,0.6934202
8.687956,0.4475357,0.6936071
8.691508,0.4443231,0.6942629
8.695002,0.4417545,0.6949271
8.69811,0.4399887,0.6958284
8.699832,0.4393476,0.6965604
8.701769,0.4389685,0.6973194
8.703333,0.4387057,0.6980048
8.703789,0.4391629,0.6983745
8.703553,0.4402865,0.6986514
8.703021,0.4420384,0.6986387
8.70257,0.4438038,0.6977713
8.701911,0.445753,0.6968787
8.701802,0.4484283,0.6962458
8.701745,0.4507824,0.695146
8.702259,0.4536961,0.6930088
8.70274,0.456118,0.6914185
8.702731,0.4578135,0.6902823
8.703109,0.4582734,0.6888779
8.703449,0.4581541,0.6872544
8.703226,0.4576264,0.6856653
8.703053,0.4580082,0.6839215
8.70283,0.4609779,0.6818773
8.702598,0.4675834,0.6796845
8.702406,0.4759474,0.6770133
8.707232,0.4842559,0.6728823
8.715466,0.4936112,0.6671652
8.729281,0.5055529,0.6600029
8.74793,0.5262351,0.6487886
8.766783,0.5636084,0.6334488
8.780602,0.6175992,0.6199854
8.776859,0.6908053,0.6114416
8.776859,0.6908053,0.6114416
8.776859,0.6908053,0.6114416
8.776859,0.6908053,0.6114416
8.776859,0.6908053,0.6114416
8.776859,0.6908053,0.6114416
8.776859,0.6908053,0.6114416
8.776859,0.6908053,0.6114416
8.776859,0.6908053,0.6114416
8.776859,0.6908053,0.6114416
8.776859,0.6908053,0.6114416
8.776859,0.6908053,0.6114416
8.776859,0.6908053,0.6114416
8.776859,0.6908053,0.6114416
8.776859,0.6908053,0.6114416
8.776859,0.6908053,0.6114416
8.776859,0.6908053,0.6114416
8.776859,0.6908053,0.6114416
8.776859,0.6908053,0.6114416
8.776859,0.6908053,0.6114416
8.776859,0.6908053,0.6114416
8.776859,0.6908053,0.6114416
8.776859,0.6908053,0.6114416
8.776859,0.6908053,0.6114416
8.776859,0.6908053,0.6114416
8.776859,0.6908053,0.6114416
8.776859,0.6908053,0.6114416
8.776859,0.6908053,0.6114416
8.776859,0.6908053,0.6114416
8.776859,0.6908053,0.6114416
8.776859,0.6908053,0.6114416
8.776859,0.6908053,0.6114416
8.776859,0.6908053,0.6114416
8.776859,0.6908053,0.6114416
8.776859,0.6908053,0.6114416
8.776859,0.6908053,0.6114416
8.776859,0.6908053,0.6114416
8.776859,0.6908053,0.6114416
8.776859,0.6908053,0.6114416
8.776859,0.6908053,0.6114416
8.776859,0.6908053,0.6114416
8.776859,0.6908053,0.6114416
8.776859,0.6908053,0.6114416
8.776859,0.6908053,0.6114416
8.776859,0.6908053,0.6114416
8.776859,0.6908053,0.6114416
8.776859,0.6908053,0.6114416
8.776859,0.6908053,0.6114416
8.776859,0.6908053,0.6114416
8.776859,0.6908053,0.6114416
8.776859,0.6908053,0.6114416
8.776859,0.6908053,0.6114416
8.776859,0.6908053,0.6114416
8.776859,0.6908053,0.6114416
8.776859,0.6908053,0.6114416
8.776859,0.6908053,0.6114416
8.776859,0.6908053,0.6114416
8.776859,0.6908053,0.6114416
8.776859,0.6908053,0.6114416
8.776859,0.6908053,0.6114416
8.776859,0.6908053,0.6114416
8.776859,0.6908053,0.6114416
8.776859,0.6908053,0.6114416
8.776859,0.6908053,0.6114416
8.776859,0.6908053,0.6114416
8.776859,0.6908053,0.6114416
8.776859,0.6908053,0.6114416
8.776859,0.6908053,0.6114416
8.776859,0.6908053,0.6114416
8.776859,0.6908053,0.6114416
8.776859,0.6908053,0.6114416
8.776859,0.6908053,0.6114416
8.776859,0.6908053,0.6114416
8.776859,0.6908053,0.6114416
8.776859,0.6908053,0.6114416
8.776859,0.6908053,0.6114416
8.776859,0.6908053,0.6114416
8.776859,0.6908053,0.6114416
8.776859,0.6908053,0.6114416
8.776859,0.6908053,0.6114416
8.776859,0.6908053,0.6114416
8.776859,0.6908053,0.6114416
8.776859,0.6908053,0.6114416
8.776859,0.6908053,0.6114416
8.776859,0.6908053,0.6114416
8.776859,0.6908053,0.6114416
8.776859,0.6908053,0.6114416
8.776859,0.6908053,0.6114416
8.776859,0.6908053,0.6114416
8.776859,0.6908053,0.6114416
8.776859,0.6908053,0.6114416
8.776859,0.6908053,0.6114416
8.776859,0.6908053,0.6114416
8.776859,0.6908053,0.6114416
8.777883,0.7782846,0.4450299
8.779948,0.7854415,0.4468629
8.784113,0.7938642,0.4479928
8.786392,0.8038488,0.4584336
8.784032,0.8151636,0.472841
8.784032,0.8151636,0.472841
8.784032,0.8151636,0.472841
8.784032,0.8151636,0.472841
8.784032,0.8151636,0.472841
8.784032,0.8151636,0.472841
8.784032,0.8151636,0.472841
8.784032,0.8151636,0.472841
8.784032,0.8151636,0.472841
8.784032,0.8151636,0.472841
8.784032,0.8151636,0.472841
8.784032,0.8151636,0.472841
8.784032,0.8151636,0.472841
8.784032,0.8151636,0.472841
8.784032,0.8151636,0.472841
8.784032,0.8151636,0.472841
8.784032,0.8151636,0.472841
8.784032,0.8151636,0.472841
8.784032,0.8151636,0.472841
8.784032,0.8151636,0.472841
8.784032,0.8151636,0.472841
8.784032,0.8151636,0.472841
8.784032,0.8151636,0.472841
8.784032,0.8151636,0.472841
8.784032,0.8151636,0.472841
8.784032,0.8151636,0.472841
8.784032,0.8151636,0.472841
8.784032,0.8151636,0.472841
8.784032,0.8151636,0.472841
8.784032,0.8151636,0.472841
8.784032,0.8151636,0.472841
8.784032,0.8151636,0.472841
8.784032,0.8151636,0.472841
8.784032,0.8151636,0.472841
8.784032,0.8151636,0.472841
8.784032,0.8151636,0.472841
8.784032,0.8151636,0.472841
8.784032,0.8151636,0.472841
8.784032,0.8151636,0.472841
8.784032,0.8151636,0.472841
8.784032,0.8151636,0.472841
8.784032,0.8151636,0.472841
8.784032,0.8151636,0.472841
8.784032,0.8151636,0.472841
8.784032,0.8151636,0.472841
8.784032,0.8151636,0.472841
8.784032,0.8151636,0.472841
8.784032,0.8151636,0.472841
8.784032,0.8151636,0.472841
8.784032,0.8151636,0.472841
8.784032,0.8151636,0.472841
8.784032,0.8151636,0.472841
8.784032,0.8151636,0.472841
8.784032,0.8151636,0.472841
8.784032,0.8151636,0.472841
8.784032,0.8151636,0.472841
8.784032,0.8151636,0.472841
8.784032,0.8151636,0.472841
8.784032,0.8151636,0.472841
8.784032,0.8151636,0.472841
8.784032,0.8151636,0.472841
8.784032,0.8151636,0.472841
8.784032,0.8151636,0.472841
8.784032,0.8151636,0.472841
8.784032,0.8151636,0.472841
8.784032,0.8151636,0.472841
8.784032,0.8151636,0.472841
8.784032,0.8151636,0.472841
8.784032,0.8151636,0.472841
8.784032,0.8151636,0.472841
8.784032,0.8151636,0.472841
8.784032,0.8151636,0.472841
8.784032,0.8151636,0.472841
8.784032,0.8151636,0.472841
8.784032,0.8151636,0.472841
8.784032,0.8151636,0.472841
8.784032,0.8151636,0.472841
8.784032,0.8151636,0.472841
8.784032,0.8151636,0.472841
8.784032,0.8151636,0.472841
8.784032,0.8151636,0.472841
8.784032,0.8151636,0.472841
8.784032,0.8151636,0.472841
8.784032,0.8151636,0.472841
8.784032,0.8151636,0.472841
8.784032,0.8151636,0.472841
8.784032,0.8151636,0.472841
8.784032,0.8151636,0.472841
8.784032,0.8151636,0.472841
8.784032,0.8151636,0.472841
8.784032,0.8151636,0.472841
8.784032,0.8151636,0.472841
8.784032,0.8151636,0.472841
8.784032,0.8151636,0.472841
8.738554,0.8382855,0.522185
8.733727,0.8505972,0.5429249
8.726545,0.8519199,0.5474248
8.715484,0.8498542,0.5515947
8.705584,0.8474858,0.5563523
8.695598,0.8469232,0.5649711
8.688645,0.8483124,0.5750421
8.68244,0.8509852,0.5878715
8.677366,0.8526557,0.5970408
8.670851,0.8532843,0.6052828
8.663093,0.8538755,0.6138705
8.656857,0.8543807,0.6216891
8.651505,0.8551651,0.6295489
8.648105,0.8579589,0.6390885
8.645018,0.8615916,0.6505381
8.642724,0.8649408,0.6607966
8.640368,0.8684407,0.6714141
8.638352,0.8725839,0.6831738
8.637071,0.8753125,0.6918327
8.635633,0.8782273,0.7015288
8.634336,0.8814604,0.7116776
8.632891,0.8842934,0.7211214
8.632192,0.8875667,0.7316113
8.632083,0.8906289,0.7412114
8.632415,0.8945368,0.7523104
8.632615,0.8974287,0.7614073
8.63243,0.9005554,0.7702162
8.632529,0.9035264,0.7788765
8.633304,0.9066239,0.7863565
8.63366,0.9098106,0.7935234
8.633658,0.912772,0.8002506
8.632819,0.915617,0.8069355
8.631727,0.9180084,0.8134696
8.630434,0.9199842,0.8191737
8.629067,0.9227534,0.8254822
8.627214,0.9257668,0.8315951
8.624304,0.9293874,0.837285
8.620466,0.9326981,0.842011
8.615647,0.9346953,0.8454361
8.610198,0.9372786,0.849601
8.606876,0.940633,0.8536077
8.605819,0.9464639,0.8591574
8.606714,0.9534641,0.8642589
8.609446,0.9634356,0.8696649
8.612073,0.9733476,0.8748899
8.613999,0.9814103,0.8806736
8.615066,0.9897202,0.8875661
8.615846,0.9954316,0.893899
8.61552,1.000911,0.9030707
8.613315,1.003879,0.913302
8.610889,1.004505,0.9254593
8.609591,1.005032,0.9374226
8.60913,1.006577,0.9465232
8.607587,1.007521,0.9565991
8.605319,1.008167,0.9651347
8.601997,1.007025,0.9748588
8.599373,1.005262,0.9817482
8.596229,1.003218,0.9895283
8.594693,1.000885,0.9947705
8.593675,0.9987749,0.9984448
8.59237,0.9957197,1.001631
8.590583,0.9936129,1.003914
8.587724,0.9913189,1.006789
8.585041,0.9886859,1.008391
8.582094,0.9854385,1.009496
8.578967,0.981725,1.01043
8.57581,0.978204,1.011592
8.572222,0.9752465,1.012888
8.567959,0.9718943,1.014774
8.563841,0.9684035,1.016719
8.560703,0.9658914,1.017854
8.557924,0.9634858,1.018368
8.555979,0.9621029,1.018246
8.554434,0.9616798,1.017205
8.552887,0.9613681,1.015714
8.551602,0.9613271,1.013774
8.550082,0.9609218,1.01182
8.548617,0.9604622,1.010265
8.546798,0.9595256,1.009158
8.545015,0.9582682,1.008476
8.543919,0.9575167,1.008252
8.54291,0.9565253,1.008099
8.541605,0.9554017,1.007939
8.540557,0.9545692,1.007753
8.539328,0.9536365,1.007502
8.538353,0.9526958,1.00696
8.537323,0.951607,1.006232
8.536425,0.9500373,1.005178
8.535751,0.948669,1.004224
8.534836,0.946714,1.002821
8.533939,0.9442182,1.000712
8.533937,0.9409755,0.9988074
8.534059,0.9385007,0.9969333
8.53441,0.9347636,0.9939361
8.535336,0.9306713,0.9908798
8.536367,0.926823,0.988189
8.537492,0.9224318,0.9852542
8.538971,0.9176514,0.9820269
8.540588,0.9126227,0.9786813
8.542152,0.9075623,0.9752377
8.543861,0.9017237,0.9711751
8.545658,0.8966452,0.9676472
8.547201,0.8907803,0.9640877
8.548857,0.8829885,0.9595059
8.550553,0.8760777,0.9554311
8.552226,0.8691917,0.951159
8.554093,0.8620506,0.9462474
8.556937,0.852949,0.9391331
8.562806,0.838446,0.9266775
8.566559,0.8316384,0.9203537
8.57083,0.8244875,0.9126052
8.575678,0.8179768,0.9044582
8.579998,0.8130266,0.8970406
8.584939,0.8075436,0.8880244
8.589511,0.802115,0.8791736
8.594022,0.7958377,0.8692203
8.598371,0.7894252,0.8593491
8.605878,0.7790588,0.8450206
8.615078,0.7683715,0.8262711
8.623751,0.7604547,0.8111373
8.631919,0.7534729,0.7969884
8.642202,0.7477276,0.7805564
8.642202,0.7477276,0.7805564
8.642202,0.7477276,0.7805564
8.642202,0.7477276,0.7805564
8.642202,0.7477276,0.7805564
8.642202,0.7477276,0.7805564
8.642202,0.7477276,0.7805564
8.642202,0.7477276,0.7805564
8.642202,0.7477276,0.7805564
8.642202,0.7477276,0.7805564
8.642202,0.7477276,0.7805564
8.642202,0.7477276,0.7805564
8.642202,0.7477276,0.7805564
8.642202,0.7477276,0.7805564
8.642202,0.7477276,0.7805564
8.642202,0.7477276,0.7805564
8.642202,0.7477276,0.7805564
8.642202,0.7477276,0.7805564
8.642202,0.7477276,0.7805564
8.642202,0.7477276,0.7805564
8.642202,0.7477276,0.7805564
8.642202,0.7477276,0.7805564
8.642202,0.7477276,0.7805564
8.642202,0.7477276,0.7805564
8.642202,0.7477276,0.7805564
8.642202,0.7477276,0.7805564
8.642202,0.7477276,0.7805564
8.642202,0.7477276,0.7805564
8.642202,0.7477276,0.7805564
8.642202,0.7477276,0.7805564
8.642202,0.7477276,0.7805564
8.642202,0.7477276,0.7805564
8.642202,0.7477276,0.7805564
8.642202,0.7477276,0.7805564
8.642202,0.7477276,0.7805564
8.642202,0.7477276,0.7805564
8.642202,0.7477276,0.7805564
8.642202,0.7477276,0.7805564
8.642202,0.7477276,0.7805564
8.642202,0.7477276,0.7805564
8.642202,0.7477276,0.7805564
8.642202,0.7477276,0.7805564
8.642202,0.7477276,0.7805564
8.642202,0.7477276,0.7805564
8.642202,0.7477276,0.7805564
8.642202,0.7477276,0.7805564
8.642202,0.7477276,0.7805564
8.642202,0.7477276,0.7805564
8.642202,0.7477276,0.7805564
8.642202,0.7477276,0.7805564
8.642202,0.7477276,0.7805564
8.642202,0.7477276,0.7805564
8.642202,0.7477276,0.7805564
8.642202,0.7477276,0.7805564
8.642202,0.7477276,0.7805564
8.642202,0.7477276,0.7805564
8.642202,0.7477276,0.7805564
8.642202,0.7477276,0.7805564
8.642202,0.7477276,0.7805564
8.642202,0.7477276,0.7805564
8.642202,0.7477276,0.7805564
8.642202,0.7477276,0.7805564
8.642202,0.7477276,0.7805564
8.642202,0.7477276,0.7805564
8.642202,0.7477276,0.7805564
8.642202,0.7477276,0.7805564
8.642202,0.7477276,0.7805564
8.642202,0.7477276,0.7805564
8.642202,0.7477276,0.7805564
8.642202,0.7477276,0.7805564
8.642202,0.7477276,0.7805564
8.642202,0.7477276,0.7805564
8.642202,0.7477276,0.7805564
8.642202,0.7477276,0.7805564
8.642202,0.7477276,0.7805564
8.642202,0.7477276,0.7805564
8.642202,0.7477276,0.7805564
8.642202,0.7477276,0.7805564
8.642202,0.7477276,0.7805564
8.642202,0.7477276,0.7805564
8.642202,0.7477276,0.7805564
8.642202,0.7477276,0.7805564
8.642202,0.7477276,0.7805564
8.642202,0.7477276,0.7805564
8.642202,0.7477276,0.7805564
8.642202,0.7477276,0.7805564
8.642202,0.7477276,0.7805564
8.642202,0.7477276,0.7805564
8.642202,0.7477276,0.7805564
8.642202,0.7477276,0.7805564
8.642202,0.7477276,0.7805564
8.642202,0.7477276,0.7805564
8.642202,0.7477276,0.7805564
8.642202,0.7477276,0.7805564
8.642202,0.7477276,0.7805564
8.642202,0.7477276,0.7805564
8.642202,0.7477276,0.7805564
8.642202,0.7477276,0.7805564
8.642202,0.7477276,0.7805564
8.642202,0.7477276,0.7805564
8.642202,0.7477276,0.7805564
8.642202,0.7477276,0.7805564
8.642202,0.7477276,0.7805564
8.642202,0.7477276,0.7805564
8.642202,0.7477276,0.7805564
8.642202,0.7477276,0.7805564
8.642202,0.7477276,0.7805564
8.642202,0.7477276,0.7805564
8.642202,0.7477276,0.7805564
8.642202,0.7477276,0.7805564
8.642202,0.7477276,0.7805564
8.642202,0.7477276,0.7805564
8.642202,0.7477276,0.7805564
8.642202,0.7477276,0.7805564
8.642202,0.7477276,0.7805564
8.642202,0.7477276,0.7805564
8.642202,0.7477276,0.7805564
8.642202,0.7477276,0.7805564
8.642202,0.7477276,0.7805564
8.642202,0.7477276,0.7805564
8.642202,0.7477276,0.7805564
8.642202,0.7477276,0.7805564
8.642202,0.7477276,0.7805564
8.642202,0.7477276,0.7805564
8.642202,0.7477276,0.7805564
8.642202,0.7477276,0.7805564
8.642202,0.7477276,0.7805564
8.642202,0.7477276,0.7805564
8.642202,0.7477276,0.7805564
8.642202,0.7477276,0.7805564
8.642202,0.7477276,0.7805564
8.642202,0.7477276,0.7805564
8.642202,0.7477276,0.7805564
8.642202,0.7477276,0.7805564
8.642202,0.7477276,0.7805564
8.642202,0.7477276,0.7805564
8.642202,0.7477276,0.7805564
8.642202,0.7477276,0.7805564
8.642202,0.7477276,0.7805564
8.642202,0.7477276,0.7805564
8.642202,0.7477276,0.7805564
8.642202,0.7477276,0.7805564
8.642202,0.7477276,0.7805564
8.642202,0.7477276,0.7805564
8.642202,0.7477276,0.7805564
8.642202,0.7477276,0.7805564
8.642202,0.7477276,0.7805564
8.642202,0.7477276,0.7805564
8.642202,0.7477276,0.7805564
8.642202,0.7477276,0.7805564
8.642202,0.7477276,0.7805564
8.642202,0.7477276,0.7805564
8.642202,0.7477276,0.7805564
8.642202,0.7477276,0.7805564
8.642202,0.7477276,0.7805564
8.642202,0.7477276,0.7805564
8.642202,0.7477276,0.7805564
8.642202,0.7477276,0.7805564
8.642202,0.7477276,0.7805564
8.642202,0.7477276,0.7805564
8.642202,0.7477276,0.7805564
8.642202,0.7477276,0.7805564
8.642202,0.7477276,0.7805564
8.642202,0.7477276,0.7805564
8.642202,0.7477276,0.7805564
8.642202,0.7477276,0.7805564
8.642202,0.7477276,0.7805564
8.642202,0.7477276,0.7805564
8.642202,0.7477276,0.7805564
8.642202,0.7477276,0.7805564
8.642202,0.7477276,0.7805564
8.642202,0.7477276,0.7805564
8.642202,0.7477276,0.7805564
8.642202,0.7477276,0.7805564
8.642202,0.7477276,0.7805564
8.642202,0.7477276,0.7805564
8.642202,0.7477276,0.7805564
8.642202,0.7477276,0.7805564
8.642202,0.7477276,0.7805564
8.642202,0.7477276,0.7805564
8.642202,0.7477276,0.7805564
8.642202,0.7477276,0.7805564
8.642202,0.7477276,0.7805564
8.642202,0.7477276,0.7805564
8.642202,0.7477276,0.7805564
8.642202,0.7477276,0.7805564
8.642202,0.7477276,0.7805564
8.642202,0.7477276,0.7805564
8.642202,0.7477276,0.7805564
8.642202,0.7477276,0.7805564
8.642202,0.7477276,0.7805564
8.642202,0.7477276,0.7805564
8.642202,0.7477276,0.7805564
8.642202,0.7477276,0.7805564
8.642202,0.7477276,0.7805564
8.642202,0.7477276,0.7805564
8.642202,0.7477276,0.7805564
8.642202,0.7477276,0.7805564
8.642202,0.7477276,0.7805564
8.642202,0.7477276,0.7805564
8.642202,0.7477276,0.7805564
8.642202,0.7477276,0.7805564
8.642202,0.7477276,0.7805564
8.642202,0.7477276,0.7805564
8.642202,0.7477276,0.7805564
8.642202,0.7477276,0.7805564
8.642202,0.7477276,0.7805564
8.642202,0.7477276,0.7805564
8.642202,0.7477276,0.7805564
8.642202,0.7477276,0.7805564
8.642202,0.7477276,0.7805564
8.642202,0.7477276,0.7805564
8.642202,0.7477276,0.7805564
8.642202,0.7477276,0.7805564
8.642202,0.7477276,0.7805564
8.642202,0.7477276,0.7805564
8.642202,0.7477276,0.7805564
8.642202,0.7477276,0.7805564
8.642202,0.7477276,0.7805564
8.642202,0.7477276,0.7805564
8.642202,0.7477276,0.7805564
8.642202,0.7477276,0.7805564
8.642202,0.7477276,0.7805564
8.642202,0.7477276,0.7805564
8.642202,0.7477276,0.7805564
8.642202,0.7477276,0.7805564
8.642202,0.7477276,0.7805564
8.642202,0.7477276,0.7805564
8.642202,0.7477276,0.7805564
8.642202,0.7477276,0.7805564
8.642202,0.7477276,0.7805564
8.642202,0.7477276,0.7805564
8.642202,0.7477276,0.7805564
8.642202,0.7477276,0.7805564
8.642202,0.7477276,0.7805564
8.642202,0.7477276,0.7805564
8.642202,0.7477276,0.7805564
8.642202,0.7477276,0.7805564
8.642202,0.7477276,0.7805564
8.642202,0.7477276,0.7805564
8.642202,0.7477276,0.7805564
8.642202,0.7477276,0.7805564
8.642202,0.7477276,0.7805564
8.642202,0.7477276,0.7805564
8.642202,0.7477276,0.7805564
8.642202,0.7477276,0.7805564
8.642202,0.7477276,0.7805564
8.642202,0.7477276,0.7805564
8.642202,0.7477276,0.7805564
8.642202,0.7477276,0.7805564
8.642202,0.7477276,0.7805564
8.642202,0.7477276,0.7805564
8.642202,0.7477276,0.7805564
8.642202,0.7477276,0.7805564
8.642202,0.7477276,0.7805564
8.642202,0.7477276,0.7805564
8.642202,0.7477276,0.7805564
8.642202,0.7477276,0.7805564
8.642202,0.7477276,0.7805564
8.642202,0.7477276,0.7805564
8.642202,0.7477276,0.7805564
8.642202,0.7477276,0.7805564
8.642202,0.7477276,0.7805564
8.642202,0.7477276,0.7805564
8.642202,0.7477276,0.7805564
8.642202,0.7477276,0.7805564
8.642202,0.7477276,0.7805564
8.642202,0.7477276,0.7805564
8.642202,0.7477276,0.7805564
8.642202,0.7477276,0.7805564
8.642202,0.7477276,0.7805564
8.642202,0.7477276,0.7805564
8.642202,0.7477276,0.7805564
8.642202,0.7477276,0.7805564
8.642202,0.7477276,0.7805564
8.642202,0.7477276,0.7805564
8.642202,0.7477276,0.7805564
8.642202,0.7477276,0.7805564
8.642202,0.7477276,0.7805564
8.642202,0.7477276,0.7805564
8.642202,0.7477276,0.7805564
8.642202,0.7477276,0.7805564
8.642202,0.7477276,0.7805564
8.642202,0.7477276,0.7805564
8.642202,0.7477276,0.7805564
8.642202,0.7477276,0.7805564
8.642202,0.7477276,0.7805564
8.642202,0.7477276,0.7805564
8.642202,0.7477276,0.7805564
8.642202,0.7477276,0.7805564
8.642202,0.7477276,0.7805564
8.642202,0.7477276,0.7805564
8.642202,0.7477276,0.7805564
8.642202,0.7477276,0.7805564
8.642202,0.7477276,0.7805564
8.642202,0.7477276,0.7805564
8.642202,0.7477276,0.7805564
8.642202,0.7477276,0.7805564
8.642202,0.7477276,0.7805564
8.642202,0.7477276,0.7805564
8.642202,0.7477276,0.7805564
8.642202,0.7477276,0.7805564
8.642202,0.7477276,0.7805564
8.642202,0.7477276,0.7805564
8.642202,0.7477276,0.7805564
8.642202,0.7477276,0.7805564
8.642202,0.7477276,0.7805564
8.642202,0.7477276,0.7805564
8.642202,0.7477276,0.7805564
8.642202,0.7477276,0.7805564
8.642202,0.7477276,0.7805564
8.642202,0.7477276,0.7805564
8.642202,0.7477276,0.7805564
8.642202,0.7477276,0.7805564
8.642202,0.7477276,0.7805564
8.642202,0.7477276,0.7805564
8.642202,0.7477276,0.7805564
8.642202,0.7477276,0.7805564
8.642202,0.7477276,0.7805564
8.642202,0.7477276,0.7805564
8.642202,0.7477276,0.7805564
8.642202,0.7477276,0.7805564
8.642202,0.7477276,0.7805564
8.642202,0.7477276,0.7805564
8.642202,0.7477276,0.7805564
8.642202,0.7477276,0.7805564
8.642202,0.7477276,0.7805564
8.642202,0.7477276,0.7805564
8.642202,0.7477276,0.7805564
8.642202,0.7477276,0.7805564
8.642202,0.7477276,0.7805564
8.642202,0.7477276,0.7805564
8.642202,0.7477276,0.7805564
8.642202,0.7477276,0.7805564
8.642202,0.7477276,0.7805564
8.642202,0.7477276,0.7805564
8.642202,0.7477276,0.7805564
8.642202,0.7477276,0.7805564
8.642202,0.7477276,0.7805564
8.642202,0.7477276,0.7805564
8.642202,0.7477276,0.7805564
8.642202,0.7477276,0.7805564
8.642202,0.7477276,0.7805564
8.642202,0.7477276,0.7805564
8.642202,0.7477276,0.7805564
8.642202,0.7477276,0.7805564
8.642202,0.7477276,0.7805564
8.642202,0.7477276,0.7805564
8.642202,0.7477276,0.7805564
8.642202,0.7477276,0.7805564
8.642202,0.7477276,0.7805564
8.642202,0.7477276,0.7805564
8.642202,0.7477276,0.7805564
8.642202,0.7477276,0.7805564
8.642202,0.7477276,0.7805564
8.642202,0.7477276,0.7805564
8.642202,0.7477276,0.7805564
8.642202,0.7477276,0.7805564
8.642202,0.7477276,0.7805564
8.642202,0.7477276,0.7805564
8.642202,0.7477276,0.7805564
8.642202,0.7477276,0.7805564
8.642202,0.7477276,0.7805564
8.642202,0.7477276,0.7805564
8.642202,0.7477276,0.7805564
8.642202,0.7477276,0.7805564
8.642202,0.7477276,0.7805564
8.642202,0.7477276,0.7805564
8.642202,0.7477276,0.7805564
8.642202,0.7477276,0.7805564
8.642202,0.7477276,0.7805564
8.642202,0.7477276,0.7805564
8.642202,0.7477276,0.7805564
8.642202,0.7477276,0.7805564
8.642202,0.7477276,0.7805564
8.642202,0.7477276,0.7805564
8.642202,0.7477276,0.7805564
8.642202,0.7477276,0.7805564
8.642202,0.7477276,0.7805564
8.642202,0.7477276,0.7805564
8.642202,0.7477276,0.7805564
8.642202,0.7477276,0.7805564
8.642202,0.7477276,0.7805564
8.642202,0.7477276,0.7805564
8.642202,0.7477276,0.7805564
8.642202,0.7477276,0.7805564
8.642202,0.7477276,0.7805564
8.642202,0.7477276,0.7805564
8.642202,0.7477276,0.7805564
8.642202,0.7477276,0.7805564
8.642202,0.7477276,0.7805564
8.642202,0.7477276,0.7805564
8.642202,0.7477276,0.7805564
8.642202,0.7477276,0.7805564
8.642202,0.7477276,0.7805564
8.642202,0.7477276,0.7805564
8.642202,0.7477276,0.7805564
8.642202,0.7477276,0.7805564
8.642202,0.7477276,0.7805564
8.642202,0.7477276,0.7805564
8.642202,0.7477276,0.7805564
8.642202,0.7477276,0.7805564
8.642202,0.7477276,0.7805564
8.642202,0.7477276,0.7805564
8.642202,0.7477276,0.7805564
8.642202,0.7477276,0.7805564
8.642202,0.7477276,0.7805564
8.642202,0.7477276,0.7805564
8.642202,0.7477276,0.7805564
8.642202,0.7477276,0.7805564
8.642202,0.7477276,0.7805564
8.642202,0.7477276,0.7805564
8.642202,0.7477276,0.7805564
8.642202,0.7477276,0.7805564
8.642202,0.7477276,0.7805564
8.642202,0.7477276,0.7805564
8.642202,0.7477276,0.7805564
8.642202,0.7477276,0.7805564
8.642202,0.7477276,0.7805564
8.642202,0.7477276,0.7805564
8.642202,0.7477276,0.7805564
8.642202,0.7477276,0.7805564
8.642202,0.7477276,0.7805564
8.642202,0.7477276,0.7805564
8.642202,0.7477276,0.7805564
8.642202,0.7477276,0.7805564
8.642202,0.7477276,0.7805564
8.642202,0.7477276,0.7805564
8.642202,0.7477276,0.7805564
8.642202,0.7477276,0.7805564
8.642202,0.7477276,0.7805564
8.642202,0.7477276,0.7805564
8.642202,0.7477276,0.7805564
8.642202,0.7477276,0.7805564
8.642202,0.7477276,0.7805564
8.642202,0.7477276,0.7805564
8.642202,0.7477276,0.7805564
8.642202,0.7477276,0.7805564
8.642202,0.7477276,0.7805564
8.642202,0.7477276,0.7805564
8.642202,0.7477276,0.7805564
8.642202,0.7477276,0.7805564
8.642202,0.7477276,0.7805564
8.642202,0.7477276,0.7805564
8.642202,0.7477276,0.7805564
8.642202,0.7477276,0.7805564
8.642202,0.7477276,0.7805564
8.642202,0.7477276,0.7805564
8.642202,0.7477276,0.7805564
8.642202,0.7477276,0.7805564
8.642202,0.7477276,0.7805564
8.642202,0.7477276,0.7805564
8.642202,0.7477276,0.7805564
8.642202,0.7477276,0.7805564
8.642202,0.7477276,0.7805564
8.642202,0.7477276,0.7805564
8.642202,0.7477276,0.7805564
8.642202,0.7477276,0.7805564
8.642202,0.7477276,0.7805564
8.642202,0.7477276,0.7805564
8.642202,0.7477276,0.7805564
8.642202,0.7477276,0.7805564
8.642202,0.7477276,0.7805564
8.642202,0.7477276,0.7805564
8.642202,0.7477276,0.7805564
8.642202,0.7477276,0.7805564
8.642202,0.7477276,0.7805564
8.642202,0.7477276,0.7805564
8.642202,0.7477276,0.7805564
8.642202,0.7477276,0.7805564
8.642202,0.7477276,0.7805564
8.642202,0.7477276,0.7805564
8.642202,0.7477276,0.7805564
8.642202,0.7477276,0.7805564
8.642202,0.7477276,0.7805564
8.642202,0.7477276,0.7805564
8.642202,0.7477276,0.7805564
8.642202,0.7477276,0.7805564
8.642202,0.7477276,0.7805564
8.642202,0.7477276,0.7805564
8.642202,0.7477276,0.7805564
8.642202,0.7477276,0.7805564
8.642202,0.7477276,0.7805564
8.642202,0.7477276,0.7805564
8.642202,0.7477276,0.7805564
8.642202,0.7477276,0.7805564
8.642202,0.7477276,0.7805564
8.642202,0.7477276,0.7805564
8.642202,0.7477276,0.7805564
8.642202,0.7477276,0.7805564
8.642202,0.7477276,0.7805564
8.642202,0.7477276,0.7805564
8.642202,0.7477276,0.7805564
8.642202,0.7477276,0.7805564
8.642202,0.7477276,0.7805564
8.642202,0.7477276,0.7805564
8.642202,0.7477276,0.7805564
8.642202,0.7477276,0.7805564
8.642202,0.7477276,0.7805564
8.642202,0.7477276,0.7805564
8.642202,0.7477276,0.7805564
8.642202,0.7477276,0.7805564
8.642202,0.7477276,0.7805564
8.642202,0.7477276,0.7805564
8.642202,0.7477276,0.7805564
8.642202,0.7477276,0.7805564
8.642202,0.7477276,0.7805564
8.642202,0.7477276,0.7805564
8.642202,0.7477276,0.7805564
8.642202,0.7477276,0.7805564
8.642202,0.7477276,0.7805564
8.642202,0.7477276,0.7805564
8.642202,0.7477276,0.7805564
8.642202,0.7477276,0.7805564
8.642202,0.7477276,0.7805564
8.642202,0.7477276,0.7805564
8.642202,0.7477276,0.7805564
8.642202,0.7477276,0.7805564
8.642202,0.7477276,0.7805564
8.642202,0.7477276,0.7805564
8.642202,0.7477276,0.7805564
8.642202,0.7477276,0.7805564
8.642202,0.7477276,0.7805564
8.642202,0.7477276,0.7805564
8.642202,0.7477276,0.7805564
8.642202,0.7477276,0.7805564
8.642202,0.7477276,0.7805564
8.642202,0.7477276,0.7805564
8.642202,0.7477276,0.7805564
8.642202,0.7477276,0.7805564
8.642202,0.7477276,0.7805564
8.642202,0.7477276,0.7805564
8.642202,0.7477276,0.7805564
8.642202,0.7477276,0.7805564
8.642202,0.7477276,0.7805564
8.642202,0.7477276,0.7805564
8.642202,0.7477276,0.7805564
8.642202,0.7477276,0.7805564
8.642202,0.7477276,0.7805564
8.642202,0.7477276,0.7805564
8.642202,0.7477276,0.7805564
8.642202,0.7477276,0.7805564
8.642202,0.7477276,0.7805564
8.642202,0.7477276,0.7805564
8.642202,0.7477276,0.7805564
8.642202,0.7477276,0.7805564
8.642202,0.7477276,0.7805564
8.642202,0.7477276,0.7805564
8.642202,0.7477276,0.7805564
8.642202,0.7477276,0.7805564
8.642202,0.7477276,0.7805564
8.642202,0.7477276,0.7805564
8.642202,0.7477276,0.7805564
8.642202,0.7477276,0.7805564
8.642202,0.7477276,0.7805564
8.642202,0.7477276,0.7805564
8.642202,0.7477276,0.7805564
8.642202,0.7477276,0.7805564
8.642202,0.7477276,0.7805564
8.642202,0.7477276,0.7805564
8.642202,0.7477276,0.7805564
8.642202,0.7477276,0.7805564
8.642202,0.7477276,0.7805564
8.642202,0.7477276,0.7805564
8.642202,0.7477276,0.7805564
8.642202,0.7477276,0.7805564
8.642202,0.7477276,0.7805564
8.642202,0.7477276,0.7805564
8.642202,0.7477276,0.7805564
8.642202,0.7477276,0.7805564
8.642202,0.7477276,0.7805564
8.642202,0.7477276,0.7805564
8.642202,0.7477276,0.7805564
8.642202,0.7477276,0.7805564
8.642202,0.7477276,0.7805564
8.642202,0.7477276,0.7805564
8.642202,0.7477276,0.7805564
8.642202,0.7477276,0.7805564
8.642202,0.7477276,0.7805564
8.642202,0.7477276,0.7805564
8.642202,0.7477276,0.7805564
8.642202,0.7477276,0.7805564
8.642202,0.7477276,0.7805564
8.642202,0.7477276,0.7805564
8.642202,0.7477276,0.7805564
8.642202,0.7477276,0.7805564
8.642202,0.7477276,0.7805564
8.642202,0.7477276,0.7805564
8.642202,0.7477276,0.7805564
8.642202,0.7477276,0.7805564
8.642202,0.7477276,0.7805564
8.642202,0.7477276,0.7805564
8.642202,0.7477276,0.7805564
8.642202,0.7477276,0.7805564
8.642202,0.7477276,0.7805564
8.642202,0.7477276,0.7805564
8.642202,0.7477276,0.7805564
8.642202,0.7477276,0.7805564
8.556261,0.934078,0.9217312
8.546435,0.9198646,0.9261008
8.549837,0.9181636,0.9300911
8.558281,0.9243675,0.9369511
8.563855,0.928681,0.9429425
8.566476,0.9276429,0.9466211
8.570354,0.9242888,0.9497479
8.575937,0.9224533,0.9520372
8.582007,0.9203148,0.9521884
8.585662,0.9194017,0.9522713
8.588317,0.9188226,0.9504723
8.590435,0.9207664,0.9482157
8.591581,0.9219688,0.9452925
8.591918,0.921028,0.9413686
8.590662,0.9186228,0.9371099
8.589089,0.9147455,0.9337022
8.587555,0.9105011,0.9303427
8.58619,0.9060192,0.926827
8.584541,0.8999378,0.9233693
8.583582,0.894381,0.9198462
8.582838,0.8901225,0.915724
8.582402,0.8864072,0.9111553
8.582242,0.8831452,0.907123
8.581109,0.8792527,0.9018787
8.579752,0.8755911,0.8966132
8.578921,0.8729232,0.8916651
8.578689,0.8707784,0.8863807
8.578237,0.8687823,0.8810632
8.576479,0.866596,0.8745061
8.574344,0.8643392,0.8670869
8.574386,0.8627957,0.8622711
8.575267,0.8607796,0.8577815
8.577623,0.8587473,0.8530605
8.579674,0.8583873,0.8486757
8.580572,0.8582732,0.8421022
8.581016,0.857212,0.8336715
8.579607,0.8555444,0.8250764
8.577847,0.8542412,0.81658
8.578856,0.854857,0.81004
8.580935,0.8561366,0.8037847
8.582207,0.8567466,0.7978332
8.582867,0.8561888,0.7914219
8.583332,0.8550702,0.786365
8.584105,0.8539699,0.7814077
8.585093,0.8529451,0.7769039
8.586777,0.852022,0.7727638
8.588112,0.8512693,0.7690362
8.589197,0.8502656,0.7663223
8.590149,0.8492065,0.7632554
8.590926,0.8486949,0.7604442
8.59155,0.8480809,0.7578962
8.591967,0.8477617,0.7557859
8.59241,0.8476141,0.7537567
8.592951,0.84773,0.7521535
8.593549,0.8478754,0.7507914
8.594631,0.8478946,0.7492867
8.595598,0.8479038,0.7487136
8.596434,0.8476759,0.7483229
8.596848,0.8468624,0.7483416
8.596782,0.8459919,0.7490916
8.596314,0.8450633,0.7503278
8.595847,0.843705,0.7519113
8.595257,0.8418954,0.7538642
8.594482,0.8402854,0.7564551
8.593665,0.8389812,0.7593118
8.592441,0.8374868,0.7624947
8.591319,0.8356751,0.7659454
8.59012,0.8339625,0.7699786
8.589174,0.8321522,0.7744303
8.588358,0.8294891,0.7798561
8.58781,0.8267239,0.7864009
8.587435,0.8241146,0.7932632
8.5875,0.8212456,0.8005706
8.588449,0.8184233,0.8092096
8.590423,0.8159924,0.8181083
8.593071,0.8137489,0.8273137
8.595776,0.8117464,0.8354216
8.599635,0.8093598,0.8442873
8.603798,0.8074766,0.8516353
8.608161,0.8054543,0.8577396
8.612781,0.8031355,0.8639367
8.617679,0.8002444,0.8700823
8.622927,0.7976997,0.8758057
8.628497,0.7958739,0.8813373
8.633574,0.7939089,0.8863968
8.637595,0.7923145,0.8909095
8.640851,0.7907205,0.8938704
8.643605,0.7877052,0.8971699
8.645009,0.7813246,0.900035
8.645985,0.7721899,0.9031125
8.645837,0.7633973,0.906064
8.645577,0.7558044,0.9099592
8.646653,0.7517651,0.914259
8.64635,0.7473413,0.9177135
8.643547,0.7418452,0.918258
8.635603,0.7339457,0.9167009
8.623752,0.7284449,0.916952
8.614044,0.7307156,0.9222478
8.606578,0.7326089,0.9255059
8.599023,0.7323044,0.9226351
8.593699,0.7310968,0.9199063
8.589322,0.7294982,0.9173549
8.587234,0.7282889,0.9147958
8.586926,0.7274303,0.9131777
8.586728,0.7264245,0.9112836
8.587108,0.7259057,0.9096229
8.587687,0.7258762,0.9079726
8.588161,0.7257205,0.9060474
8.588624,0.7254251,0.9041685
8.588732,0.7247334,0.902617
8.588444,0.7245217,0.9011229
8.58788,0.7250338,0.900288
8.587223,0.7262037,0.8994406
8.587097,0.7269564,0.8986681
8.587417,0.7274783,0.8976139
8.588174,0.72802,0.8959669
8.589458,0.7286251,0.8946164
8.590902,0.7296301,0.8931305
8.592299,0.7299235,0.8922177
8.593281,0.7299533,0.891929
8.594615,0.7304564,0.8911282
8.595846,0.7306491,0.8897668
8.596788,0.7306316,0.8884404
8.597349,0.7303224,0.8878459
8.59791,0.730965,0.887474
8.598525,0.7328268,0.8868677
8.599409,0.7361613,0.8856965
8.599869,0.7389757,0.8852246
8.599428,0.7431634,0.8847308
8.598458,0.7488204,0.8837988
8.596606,0.7545971,0.8833507
8.593257,0.76175,0.8831581
8.589517,0.7701201,0.8832753
8.585685,0.779532,0.88353
8.580896,0.7906073,0.8846999
8.575597,0.8018196,0.8866247
8.569889,0.8141814,0.8887996
8.564412,0.8270412,0.8910611
8.559594,0.8394987,0.8937453
8.553409,0.8534599,0.898141
8.54746,0.8668547,0.902436
8.54264,0.8799434,0.9075233
8.539536,0.891779,0.9122669
8.537379,0.9031613,0.918093
8.536552,0.9152016,0.9248189
8.536974,0.9270423,0.9317302
8.538216,0.9396266,0.9385532
8.541047,0.9531843,0.946931
8.543899,0.9643909,0.9542749
8.5477,0.9759133,0.9614663
8.5516,0.9870642,0.968973
8.554749,0.9967685,0.976707
8.558266,1.00658,0.9842058
8.562624,1.015651,0.9916838
8.565342,1.022841,0.9991906
8.56748,1.029289,1.006925
8.569086,1.034511,1.013112
8.569508,1.03869,1.019724
8.568882,1.041131,1.025562
8.567678,1.04424,1.031761
8.566179,1.04635,1.036787
8.564512,1.047352,1.040827
8.561842,1.047037,1.04387
8.559432,1.045497,1.045511
8.556646,1.042393,1.046557
8.554027,1.038507,1.047032
8.551145,1.032928,1.046476
8.548955,1.026959,1.044528
8.547284,1.020841,1.041467
8.545942,1.014423,1.03745
8.544127,1.008256,1.03289
8.542193,1.001742,1.027573
8.540911,0.9947076,1.021363
8.539174,0.987225,1.014811
8.53691,0.9794882,1.008808
8.534058,0.9711155,1.003186
8.531821,0.9614244,0.9963101
8.53188,0.9511393,0.9880177
8.534048,0.9403401,0.9783117
8.534438,0.930038,0.9682327
8.53481,0.9159487,0.9642745
8.5324,0.8981455,0.95633
8.531001,0.8778626,0.9469
8.531333,0.8623601,0.9387634
8.532131,0.8499425,0.9312905
8.532483,0.8373132,0.9226459
8.531384,0.8247483,0.9139508
8.528707,0.8120466,0.9051679
8.525756,0.8002334,0.8964835
8.522335,0.7886934,0.8881287
8.517962,0.7769096,0.8796417
8.514129,0.7658697,0.8701749
8.511442,0.7564223,0.860901
8.508766,0.7477818,0.8509854
8.505558,0.7390447,0.8412592
8.503205,0.7312728,0.8308567
8.500733,0.7252862,0.822148
8.499187,0.7199646,0.8119845
8.498524,0.7170785,0.8034924
8.49826,0.7144585,0.7939763
8.499368,0.7136644,0.7858748
8.501371,0.713862,0.7781408
8.503325,0.7148419,0.7712069
8.505335,0.7157772,0.7644634
8.507137,0.7161708,0.7578725
8.507977,0.7149196,0.750896
8.508208,0.7133976,0.7447022
8.510115,0.712838,0.7389854
8.512654,0.7124031,0.7337511
8.515274,0.7118707,0.7289596
8.517818,0.7118004,0.7245875
8.520478,0.7120081,0.7211264
8.523172,0.7121239,0.7175898
8.525728,0.7113352,0.7148945
8.528546,0.7101939,0.7120058
8.530641,0.7093045,0.709771
8.53305,0.7077003,0.7080128
8.535708,0.7061909,0.7062987
8.538288,0.7046264,0.7052199
8.541043,0.7023233,0.7043427
8.543257,0.700373,0.7036701
8.545614,0.6987405,0.7032397
8.546747,0.6973765,0.7032286
8.548014,0.6956277,0.7024966
8.549312,0.6942003,0.702458
8.550649,0.6928964,0.7030337
8.552023,0.6920616,0.7034936
8.552896,0.6918014,0.7041951
8.553844,0.6912374,0.7051535
8.554442,0.6907375,0.7060752
8.555013,0.6901503,0.7072995
8.555681,0.6897249,0.7085551
8.555684,0.6896881,0.7095889
8.555262,0.6897348,0.7108504
8.555238,0.6896358,0.711413
8.555334,0.6895633,0.7120177
8.55563,0.689374,0.712837
8.555865,0.689199,0.7129328
8.556279,0.6891895,0.714061
8.556371,0.6893571,0.7149173
8.556627,0.6894303,0.7158877
8.556759,0.6896592,0.7166477
8.557086,0.6898153,0.7178572
8.557194,0.6900012,0.7193433
8.557434,0.6902229,0.7206094
8.557478,0.6902196,0.7220789
8.557418,0.6900521,0.7235714
8.557329,0.689725,0.7251663
8.557309,0.6894869,0.7263672
8.55727,0.6891916,0.7276874
8.557302,0.6888285,0.7289405
8.557434,0.6886497,0.7298026
8.557634,0.6885362,0.7309529
8.557739,0.6886204,0.7319053
8.557912,0.6886571,0.7326667
8.558076,0.6887026,0.7334091
8.558102,0.6889356,0.7339038
8.558239,0.6890696,0.7340533
8.558261,0.6892121,0.7347677
8.558484,0.689234,0.7355562
8.558552,0.6894258,0.7359205
8.558735,0.6895903,0.7363853
8.558855,0.6898187,0.7367525
8.558975,0.6900476,0.7371697
8.559149,0.6900787,0.7374783
8.559137,0.6902338,0.7376924
8.55928,0.6903542,0.7378534
8.559369,0.6904314,0.7381051
8.559482,0.6903222,0.7382445
8.559614,0.6902041,0.7383648
8.559643,0.6900883,0.7385669
8.559654,0.6899222,0.7386873
0.04872547,0.6898665,-0.230173
0.04876986,0.689899,-0.2300483
0.04897918,0.6898816,-0.2298553
0.0491153,0.6901506,-0.2297271
0.04920194,0.6903728,-0.2296125
0.04937245,0.6905883,-0.2294579
0.04958239,0.6907259,-0.2293509
0.04979248,0.6907399,-0.2291306
0.05000588,0.6907132,-0.2289157
0.05014601,0.6906324,-0.2287583
0.05020054,0.6905203,-0.2285415
0.05027376,0.6904338,-0.2283564
0.05031599,0.6903959,-0.2281789
0.05031715,0.6903968,-0.2280094
0.05031882,0.6903756,-0.2278238
0.05029273,0.6904016,-0.2276746
0.05019553,0.6903841,-0.2274945
0.05010101,0.690461,-0.2272824
0.04989144,0.6905656,-0.2269407
0.04976943,0.6907631,-0.2266871
0.04963641,0.6910239,-0.2262279
0.04915883,0.6914222,-0.2259612
0.0484844,0.6916396,-0.2257786
0.04832275,0.6914986,-0.2254546
0.04857232,0.6912215,-0.2254025
0.04859371,0.690904,-0.2254023
0.04838438,0.6904491,-0.2255493
0.04832299,0.6893687,-0.2256918
0.04807003,0.6884742,-0.2257816
0.04806004,0.686972,-0.2261752
0.04794236,0.6863232,-0.2260505
0.04774079,0.6852122,-0.2263621
0.04773082,0.6840885,-0.2265305
0.04688631,0.6827319,-0.2269081
0.04613717,0.6818443,-0.2269188
0.04566672,0.6817175,-0.2267387
0.0451726,0.6819164,-0.2263238
0.04433973,0.6821898,-0.2258977
0.04351439,0.6823233,-0.2251104
0.04288697,0.682447,-0.2238652
0.04191872,0.6819575,-0.2222188
0.04132138,0.6816073,-0.2196914
0.04040824,0.6801341,-0.2169611
0.03908727,0.6773348,-0.2138212
0.03698565,0.6730329,-0.210497
0.03435691,0.6676176,-0.2062777
0.03186986,0.661122,-0.202521
0.02956946,0.6526837,-0.1996035
0.02762498,0.6442176,-0.197783
0.02611975,0.6391408,-0.1984963
0.02466981,0.6377587,-0.1976499
0.02562663,0.6362601,-0.1948123
0.02875812,0.6324928,-0.1912227
0.02875812,0.6324928,-0.1912227
0.02875812,0.6324928,-0.1912227
0.02875812,0.6324928,-0.1912227
0.02875812,0.6324928,-0.1912227
0.02875812,0.6324928,-0.1912227
0.02875812,0.6324928,-0.1912227
0.02875812,0.6324928,-0.1912227
0.02875812,0.6324928,-0.1912227
0.02875812,0.6324928,-0.1912227
0.02875812,0.6324928,-0.1912227
0.02875812,0.6324928,-0.1912227
0.02875812,0.6324928,-0.1912227
0.02875812,0.6324928,-0.1912227
0.02875812,0.6324928,-0.1912227
0.02875812,0.6324928,-0.1912227
0.02875812,0.6324928,-0.1912227
0.02875812,0.6324928,-0.1912227
0.02875812,0.6324928,-0.1912227
0.02875812,0.6324928,-0.1912227
0.02875812,0.6324928,-0.1912227
0.02875812,0.6324928,-0.1912227
0.02875812,0.6324928,-0.1912227
0.02875812,0.6324928,-0.1912227
0.02875812,0.6324928,-0.1912227
0.02875812,0.6324928,-0.1912227
0.02875812,0.6324928,-0.1912227
0.02875812,0.6324928,-0.1912227
0.02875812,0.6324928,-0.1912227
0.1104419,0.8800734,-0.05075406
0.1048449,0.8869444,-0.04898925
0.1009623,0.8924094,-0.0460992
0.1034915,0.9021457,-0.04150143
0.1046714,0.9093412,-0.03497604
0.1024655,0.9113201,-0.0269572
0.09995678,0.9112373,-0.01766716
0.0993251,0.911094,-0.01025215
0.09791288,0.9096981,-0.005127743
0.09772238,0.9088238,-0.001642063
0.09773869,0.9082825,0.00119473
0.09805099,0.9086251,0.0028667
0.09806464,0.9089046,0.002836734
0.09715538,0.9089909,0.002659664
0.09632498,0.9107528,0.001949951
0.09619835,0.9114531,0.001230583
0.09608389,0.9099914,-0.0001637489
0.09596564,0.9084767,-0.002961859
0.09629279,0.9076375,-0.004448935
0.09691128,0.906498,-0.005867407
0.09663339,0.9048949,-0.00695698
0.0963601,0.9033039,-0.008290589
0.09593737,0.9012284,-0.009891614
0.09603295,0.8993528,-0.01142944
0.09640284,0.8970358,-0.01326948
0.09757951,0.8958966,-0.01541309
0.09818192,0.8940457,-0.01733941
0.0987635,0.8921419,-0.02014996
0.09910947,0.8898908,-0.0230168
0.0995333,0.8877831,-0.02602316
0.1005919,0.8847261,-0.02960601
0.1012992,0.8827847,-0.03245761
0.1016902,0.8813569,-0.0348915
0.1022771,0.8796557,-0.03782894
0.1029922,0.8770043,-0.04107209
0.1034591,0.8747957,-0.04362901
0.1040794,0.8720972,-0.04624964
0.104654,0.8685972,-0.0495497
0.1057591,0.8675643,-0.05186076
0.1069199,0.8655422,-0.05529334
0.108101,0.8629575,-0.05979052
0.1094647,0.8606518,-0.06484026
0.1102255,0.8584488,-0.06932224
0.1114707,0.8558126,-0.07425715
0.1126822,0.8526087,-0.08006161
0.1127376,0.8493014,-0.08372138
0.112167,0.846397,-0.08663137
0.1117754,0.8433303,-0.09020271
0.1109669,0.8396352,-0.09413595
0.1103642,0.8367129,-0.09772766
0.1097029,0.8334201,-0.1019208
0.1088139,0.8296996,-0.106477
0.1088139,0.8296996,-0.106477
0.1088139,0.8296996,-0.106477
0.1088139,0.8296996,-0.106477
0.1088139,0.8296996,-0.106477
0.1088139,0.8296996,-0.106477
0.1088139,0.8296996,-0.106477
0.1088139,0.8296996,-0.106477
0.1088139,0.8296996,-0.106477
0.1088139,0.8296996,-0.106477
0.1088139,0.8296996,-0.106477
0.1088139,0.8296996,-0.106477
0.1088139,0.8296996,-0.106477
0.1088139,0.8296996,-0.106477
0.1088139,0.8296996,-0.106477
0.1088139,0.8296996,-0.106477
0.1088139,0.8296996,-0.106477
0.1088139,0.8296996,-0.106477
0.1088139,0.8296996,-0.106477
0.1088139,0.8296996,-0.106477
0.1088139,0.8296996,-0.106477
0.1088139,0.8296996,-0.106477
0.1088139,0.8296996,-0.106477
0.1088139,0.8296996,-0.106477
0.1088139,0.8296996,-0.106477
0.1088139,0.8296996,-0.106477
0.1088139,0.8296996,-0.106477
0.1088139,0.8296996,-0.106477
0.1088139,0.8296996,-0.106477
0.1088139,0.8296996,-0.106477
0.1088139,0.8296996,-0.106477
0.1088139,0.8296996,-0.106477
0.1088139,0.8296996,-0.106477
0.1088139,0.8296996,-0.106477
0.1088139,0.8296996,-0.106477
0.1088139,0.8296996,-0.106477
0.1088139,0.8296996,-0.106477
0.1088139,0.8296996,-0.106477
0.1088139,0.8296996,-0.106477
0.1088139,0.8296996,-0.106477
0.1088139,0.8296996,-0.106477
0.1088139,0.8296996,-0.106477
0.1088139,0.8296996,-0.106477
0.1088139,0.8296996,-0.106477
0.1088139,0.8296996,-0.106477
-0.01196286,0.7712273,-0.1961809
-0.01034294,0.7855394,-0.1982752
-0.006439477,0.7908651,-0.1962369
-0.00380376,0.7954573,-0.1944946
-0.0011926,0.7995242,-0.1918837
0.000613451,0.802924,-0.1889395
0.001897335,0.8058699,-0.185476
0.002414823,0.8082059,-0.1820574
0.002496839,0.8106626,-0.177695
0.002714872,0.8125497,-0.173667
0.00309737,0.8140033,-0.1694903
0.003878146,0.8154534,-0.1652507
0.00563319,0.8172129,-0.1594975
0.007877514,0.8189901,-0.1539315
0.01074843,0.820915,-0.1483454
0.01458663,0.8242742,-0.1427428
0.01915312,0.8289085,-0.1367758
0.02429342,0.8335758,-0.1306161
0.0295213,0.8377627,-0.1249106
0.03647168,0.8425913,-0.1178672
0.04141209,0.8469343,-0.1121224
0.04535381,0.8508748,-0.1068408
0.04987864,0.8555992,-0.1001453
0.05431728,0.8607582,-0.09277373
0.05824097,0.8654659,-0.08592905
0.06198527,0.8698149,-0.07979582
0.06717652,0.8755072,-0.07201807
0.07079719,0.8801913,-0.06611478
0.07377,0.8839734,-0.0608951
0.07682681,0.8882347,-0.05417033
0.07903677,0.8918059,-0.04781748
0.08111453,0.8950201,-0.04146495
0.08278999,0.8978444,-0.03616036
0.08440071,0.9010361,-0.03022622
0.08543444,0.9035967,-0.02455691
0.08640747,0.9056621,-0.01945005
0.08731623,0.9075697,-0.0142075
0.0881369,0.9092515,-0.008691117
0.08854386,0.910451,-0.004073992
0.08908698,0.9115205,-0.000283435
0.08996589,0.9131814,0.00494045
0.09033895,0.9140764,0.008886978
0.09092017,0.9147906,0.01214148
0.09162614,0.9156508,0.01592042
0.09230004,0.9164816,0.01901467
0.09307472,0.9173549,0.02139296
0.09393252,0.918572,0.02321793
0.09438775,0.9200705,0.0255021
0.09475352,0.9214006,0.02775593
0.09561118,0.9229388,0.02949588
0.09637982,0.9238864,0.03079583
0.09726162,0.9241483,0.03127216
0.09730889,0.9239904,0.03154038
0.09765974,0.9241028,0.03169079
0.09801543,0.9245797,0.03164868
0.09817469,0.9252792,0.03129886
0.09841532,0.9257272,0.03097658
0.09846714,0.9259489,0.03030206
0.0990473,0.92605,0.0290973
0.09947316,0.9264212,0.02752057
0.1001161,0.9271241,0.02573553
0.1006533,0.9273656,0.02398165
0.1014964,0.9277757,0.0219831
0.1020403,0.9276693,0.01982023
0.1024145,0.9275405,0.01736547
0.102713,0.9272192,0.01457717
0.1029262,0.9263465,0.01174022
0.1030981,0.9254428,0.00851877
0.1030451,0.924472,0.005013987
0.1033514,0.9235174,0.001077712
0.1038263,0.9227245,-0.002432972
0.1042712,0.9218586,-0.006389961
0.1046417,0.9209748,-0.01058207
0.1052727,0.9203312,-0.01477645
0.105984,0.9200249,-0.01831564
0.1068401,0.9200144,-0.02248287
0.1080094,0.920065,-0.02624318
0.1091518,0.9200228,-0.02957515
0.1099548,0.9196447,-0.03293161
0.1104549,0.9188722,-0.03647283
0.1109284,0.919014,-0.03964421
0.1112354,0.918882,-0.04282907
0.1116475,0.9187236,-0.04613028
0.1123036,0.9184974,-0.04997732
0.1129437,0.9182176,-0.0532392
0.1136087,0.9175649,-0.0566927
0.114118,0.9169369,-0.06019731
0.1152177,0.9166542,-0.06371374
0.1158195,0.915966,-0.06674321
0.1162349,0.9151812,-0.06989227
0.116712,0.9144586,-0.0732591
0.1171431,0.9137953,-0.07621899
0.1174494,0.9132386,-0.07901706
0.117551,0.912491,-0.08218124
0.1177751,0.9117795,-0.08519605
0.1180047,0.9111543,-0.08787315
0.118259,0.9105931,-0.09076621
0.1186159,0.9101489,-0.09365389
0.1189368,0.9095209,-0.09616101
0.1191281,0.9086397,-0.09851357
0.1191361,0.9072259,-0.1012161
0.1189997,0.9056707,-0.1040499
0.1186405,0.9040011,-0.1066355
0.1179658,0.9019088,-0.1093407
0.11728,0.8996282,-0.1122612
0.1163239,0.8973264,-0.1149434
0.1153578,0.8951085,-0.1174358
0.1139414,0.8922332,-0.1205566
0.1119553,0.8890974,-0.1234292
0.1096005,0.8854453,-0.1263577
0.1069277,0.8813645,-0.1295725
0.1032488,0.8766282,-0.132593
0.09905858,0.8711842,-0.1357347
0.09532036,0.8662711,-0.1384972
0.09206213,0.8619035,-0.1407544
0.08930895,0.8579209,-0.1429205
0.08668053,0.8533898,-0.1452818
0.08458529,0.849501,-0.1474683
0.08231705,0.8450369,-0.1499733
0.0787601,0.8392525,-0.1532936
0.07594235,0.8348511,-0.1557021
0.07262635,0.8298295,-0.1583511
0.0686311,0.824169,-0.161557
0.06438296,0.818188,-0.164431
0.06006069,0.8119923,-0.16755
0.05472992,0.8049286,-0.1708296
0.04821216,0.7964252,-0.1744315
0.04276341,0.7893143,-0.1774738
0.03785282,0.7831326,-0.1798036
0.03225228,0.7761671,-0.182571
0.02271451,0.7656892,-0.1857624
0.01702234,0.7592545,-0.1887239
0.01267527,0.7551411,-0.1904663
0.003706187,0.7474251,-0.1948344
-0.0005233586,0.7441868,-0.1979469
-0.004838631,0.7406855,-0.2011798
-0.00914292,0.7374006,-0.2040735
-0.01359497,0.7345793,-0.2065349
-0.01839855,0.7308024,-0.2093947
-0.02805975,0.7184541,-0.2139088
-0.03377263,0.7106864,-0.2164609
-0.0435652,0.6961918,-0.2210604
-0.04939507,0.6856897,-0.2255548
-0.04854809,0.6836537,-0.2244421
-0.0462855,0.6853862,-0.2229195
-0.04424138,0.6874433,-0.2228141
-0.04236712,0.6893511,-0.2235859
-0.04017757,0.6907137,-0.2245819
-0.03738706,0.6921692,-0.2248478
-0.03331034,0.693893,-0.2255352
-0.02917613,0.6958984,-0.2266569
-0.02437377,0.6983197,-0.228093
-0.01929685,0.7010704,-0.2283713
-0.01482347,0.7039941,-0.2283023
-0.0103019,0.7074917,-0.2274687
-0.005526245,0.7112426,-0.226428
-0.0007322431,0.714618,-0.2249779
0.002004921,0.716379,-0.2242474
0.005994484,0.7184315,-0.2226686
0.009600952,0.7199517,-0.2210521
0.01319616,0.7212356,-0.2193777
0.01628944,0.7217252,-0.2180478
0.01800179,0.7209316,-0.2169031
0.01893401,0.7207506,-0.2154799
0.02002276,0.7213011,-0.2138038
0.02135363,0.7221875,-0.2122736
0.02252446,0.7235811,-0.2098675
0.02337168,0.7248035,-0.2076197
0.02497447,0.7265391,-0.2055602
0.02697438,0.7288886,-0.2023795
0.02833684,0.7298003,-0.2002619
0.02912934,0.7300873,-0.1995617
0.02857679,0.7290925,-0.1998745
0.02779298,0.7276307,-0.2010663
0.02655023,0.7263132,-0.2015128
0.02563262,0.7267449,-0.2027809
0.02527264,0.725597,-0.2036102
0.02488582,0.725323,-0.2043671
0.02609724,0.7263144,-0.2047279
0.0261246,0.7259659,-0.2052395
0.02630509,0.7252619,-0.204539
0.02675241,0.7253533,-0.2031063
0.02695979,0.724623,-0.2018369
0.0271368,0.7240644,-0.2012115
0.02696013,0.7235265,-0.2004361
0.02631426,0.7227066,-0.1992897
0.0256096,0.7214671,-0.1988475
0.02511555,0.7208636,-0.1985405
0.02485207,0.721037,-0.1983871
0.02477583,0.721346,-0.1985112
0.02438816,0.7218458,-0.1991167
0.02385283,0.7221647,-0.1995783
0.02347673,0.7227042,-0.1998343
0.02324313,0.7233115,-0.2007496
0.02261643,0.7234417,-0.2018894
0.02210061,0.7231849,-0.2028809
0.0217744,0.7221616,-0.20415
0.02127033,0.7218091,-0.2053878
0.02066511,0.7212608,-0.2066973
0.01974371,0.7206817,-0.2078183
0.01856115,0.7202612,-0.2087619
0.01724963,0.7190662,-0.2097719
0.01589966,0.7181247,-0.2107729
0.01446469,0.7173639,-0.2117682
0.01379514,0.7166451,-0.2126637
0.01306005,0.7157395,-0.2138755
0.01274081,0.7152341,-0.215453
0.01234569,0.7142079,-0.2175577
0.01235168,0.7131932,-0.219179
0.01184474,0.7117067,-0.2207584
0.01146714,0.7105027,-0.2222526
0.01152737,0.7088491,-0.2230499
0.01143916,0.7076765,-0.2239898
0.01113904,0.7062646,-0.2245643
0.01093808,0.7048007,-0.2248868
0.01005702,0.7029796,-0.2249048
0.008430049,0.7002394,-0.2253829
0.007135823,0.6974832,-0.2261648
0.006887272,0.6957284,-0.2266662
0.007275417,0.6945246,-0.2267084
0.007816643,0.693023,-0.2271877
0.008307159,0.6913779,-0.2278419
0.008422911,0.6909509,-0.2283782
0.008407488,0.6907123,-0.2290812
0.008690402,0.6910065,-0.2299395
0.008301228,0.6912078,-0.2310985
0.007058591,0.6906841,-0.2325653
0.006167948,0.6905424,-0.2344756
0.006031707,0.6912296,-0.235995
0.005449668,0.6920452,-0.2380733
0.0047995,0.6918288,-0.2398819
0.003655955,0.6913465,-0.2421587
0.003349096,0.6911424,-0.2444312
0.003634781,0.691309,-0.2465019
0.00426589,0.6914113,-0.2484529
0.004478723,0.6910959,-0.2500908
0.004178688,0.6898986,-0.2523521
0.003354326,0.6883259,-0.2542781
0.002935871,0.6865404,-0.2559709
0.003116786,0.6856981,-0.2571973
0.003754541,0.6856199,-0.2576513
0.004054606,0.6854194,-0.2581523
0.003577232,0.6841643,-0.2592145
0.002840638,0.6825777,-0.2604444
0.002190799,0.681145,-0.2612643
0.00149104,0.6799148,-0.261905
0.000758335,0.6794472,-0.2618244
0.0005008578,0.6794546,-0.2615345
0.0003739446,0.6805058,-0.26063
0.0007247031,0.6817983,-0.2593336
0.0009031594,0.6834114,-0.2576238
0.0005700886,0.6844607,-0.2556251
-0.0005997568,0.685281,-0.2536345
-0.0009651482,0.6866906,-0.2517005
-0.00253953,0.6880022,-0.2490668
-0.003719911,0.6894934,-0.2461172
-0.005588502,0.6909779,-0.2427908
-0.006964996,0.6932908,-0.2385588
-0.008942902,0.6956595,-0.234191
-0.01093745,0.6979291,-0.2300073
-0.01250148,0.7004817,-0.2250671
-0.01449594,0.7041455,-0.2192216
-0.01645851,0.7083281,-0.2141587
-0.01898809,0.71415,-0.2072653
-0.02163665,0.7199188,-0.2009258
-0.02488561,0.7266555,-0.1937185
-0.02933925,0.7333462,-0.1877927
-0.03338154,0.7393119,-0.181684
-0.03885345,0.7450078,-0.1758989
-0.04452978,0.7503567,-0.1705854
-0.0484546,0.7568019,-0.1660865
-0.05265211,0.7632027,-0.1616868
-0.05808096,0.7679289,-0.1581014
-0.06591095,0.7710837,-0.1551635
-0.07279442,0.7729251,-0.1534716
-0.07967879,0.7749012,-0.1512875
-0.08489199,0.7777348,-0.1490512
-0.0882854,0.7804971,-0.1458363
-0.09130169,0.7827986,-0.1425498
-0.09337197,0.7846896,-0.1391445
-0.09500183,0.7861846,-0.1349872
-0.09603615,0.7864831,-0.1307697
-0.09701143,0.7853616,-0.1263209
-0.09747033,0.7838584,-0.1228799
-0.0978338,0.7821983,-0.1193262
-0.09731995,0.7808576,-0.1157969
-0.09763853,0.7799841,-0.1124057
-0.09801395,0.779517,-0.1095449
-0.09839018,0.7792411,-0.1073131
-0.0984932,0.7790242,-0.1054693
-0.09785454,0.7793229,-0.1043361
-0.09592395,0.7805118,-0.1041853
-0.09262298,0.7825266,-0.105341
-0.08938061,0.7840214,-0.1070461
-0.08690958,0.784683,-0.1098348
-0.08530544,0.7849852,-0.112933
-0.0831816,0.7853137,-0.1155983
-0.08168761,0.7855987,-0.1184087
-0.08020954,0.7864931,-0.120769
-0.07922123,0.7872329,-0.1229955
-0.07971637,0.7873762,-0.1251342
-0.08019547,0.7876788,-0.1269219
-0.08008127,0.7880411,-0.1283857
-0.0797867,0.7880824,-0.1293974
-0.07962807,0.78802,-0.1302466
-0.08002745,0.7876151,-0.1315499
-0.08076511,0.786799,-0.1323621
-0.08124094,0.7857984,-0.133027
-0.08115877,0.7855776,-0.1328307
-0.08029257,0.7860528,-0.131469
-0.07880239,0.7865651,-0.1299815
-0.07820944,0.7867642,-0.1285334
-0.07889242,0.7858942,-0.1268791
-0.08045422,0.7842527,-0.1253296
-0.08260892,0.7820743,-0.1237133
-0.08507194,0.780418,-0.1227027
-0.08760194,0.7788637,-0.1212674
-0.0896356,0.7774681,-0.1202653
-0.09038551,0.7771563,-0.1193503
-0.09050469,0.7769569,-0.1190944
-0.09082858,0.7765893,-0.1192323
-0.09134166,0.775914,-0.119318
-0.0920295,0.7748643,-0.1196685
-0.09241311,0.7734638,-0.120092
-0.0916905,0.772384,-0.1208466
-0.09136038,0.7714486,-0.1211032
-0.09165858,0.7704063,-0.1212244
-0.0913996,0.770125,-0.1216841
-0.09026127,0.7712818,-0.1223782
-0.08967461,0.772836,-0.1229101
-0.08875303,0.7751587,-0.123097
-0.08807285,0.7774759,-0.1232804
-0.08845662,0.7784086,-0.1232287
-0.08904116,0.7789126,-0.1231343
-0.08872019,0.7782912,-0.1229489
-0.08812563,0.7784074,-0.1225533
-0.08707072,0.7780003,-0.1219778
-0.08710171,0.7769704,-0.1213753
-0.08672245,0.7761052,-0.1208624
-0.08558212,0.7758048,-0.1199661
-0.08434789,0.775934,-0.1184362
-0.08330436,0.7759423,-0.1163682
-0.08221434,0.7760046,-0.1146375
-0.08044504,0.7767683,-0.1128707
-0.07862638,0.778289,-0.1101853
-0.07757555,0.7795901,-0.10731
-0.07629929,0.7815853,-0.1044471
-0.075783,0.7826079,-0.1023868
-0.07456432,0.7836037,-0.1006967
-0.07321648,0.7838452,-0.09922127
-0.07289271,0.7836338,-0.09827231
-0.07301734,0.7827931,-0.09721711
-0.07344662,0.7818168,-0.0962086
-0.07432751,0.780266,-0.09484011
-0.07560287,0.778848,-0.09421301
-0.07662506,0.777376,-0.09456307
-0.07753567,0.775991,-0.09524416
-0.07897346,0.7745789,-0.09596416
-0.08019607,0.7733409,-0.0969757
-0.08088188,0.7726271,-0.09770209
-0.08199625,0.7715214,-0.09852752
-0.0823444,0.7707778,-0.09938824
-0.08286266,0.7701369,-0.1005274
-0.08376674,0.7694998,-0.1017594
-0.08448242,0.7694082,-0.1029794
-0.084776,0.7699149,-0.1045461
-0.08472343,0.7706122,-0.1056898
-0.08400993,0.7714561,-0.1060853
-0.08306567,0.7724788,-0.1062729
-0.08176707,0.7737692,-0.1068978
-0.08050804,0.7749689,-0.1077471
-0.07879619,0.776639,-0.1083676
-0.07694797,0.7787145,-0.1091751
-0.07486255,0.7804292,-0.1093622
-0.07302098,0.7822433,-0.110008
-0.07084833,0.7832645,-0.1101371
-0.06771095,0.7846209,-0.111199
-0.06411169,0.7869501,-0.112358
-0.05947138,0.7896126,-0.113903
-0.05486266,0.7916399,-0.115219
-0.04851632,0.7948777,-0.1165168
-0.04154782,0.7975329,-0.1180936
-0.03444569,0.7983549,-0.120154
-0.02815045,0.7976483,-0.1220664
-0.0228568,0.7966974,-0.1230296
-0.01605593,0.7951213,-0.1231678
-0.01014602,0.7936299,-0.1233739
-0.004147083,0.7917541,-0.1228414
0.002416387,0.7902105,-0.1215639
0.008115336,0.7891211,-0.1203572
0.01528533,0.7887419,-0.118384
0.02070269,0.7890556,-0.1171785
0.02694327,0.7903906,-0.1148827
0.03254567,0.7921564,-0.112347
0.03786795,0.7952397,-0.1087288
0.04309429,0.7988835,-0.105021
0.04771455,0.8032468,-0.1012042
0.0527966,0.8084511,-0.09680223
0.05722691,0.813315,-0.09267493
0.06218807,0.8190861,-0.08750519
0.06692451,0.8247562,-0.08202355
0.07208915,0.8308488,-0.07535663
0.07743849,0.8363011,-0.06810425
0.0823321,0.8406475,-0.06054775
0.0876109,0.8449948,-0.05220906
0.09306747,0.849125,-0.04473014
0.1001208,0.854528,-0.03582835
0.1059491,0.8595685,-0.02743705
0.1110321,0.8656574,-0.01788126
0.1151693,0.8700728,-0.009165511
0.1188131,0.87336,-0.002181798
0.1229696,0.8780277,0.004664585
0.1269767,0.8833922,0.009682074
0.1316252,0.8899511,0.01642092
0.135314,0.8962141,0.02096231
0.1378285,0.9020603,0.02499567
0.1384648,0.9077837,0.028798
0.1379044,0.9128755,0.03315096
0.1375585,0.9154432,0.03520058
0.1370457,0.9186764,0.03767936
0.1361642,0.9210419,0.03896803
0.1345255,0.923454,0.04002817
0.1324179,0.9259062,0.04152314
0.1305259,0.9276238,0.04286478
0.1292415,0.9287556,0.04430376
0.1270652,0.9301265,0.04659717
0.1254167,0.9310144,0.04911153
0.124278,0.9318643,0.05090426
0.1232291,0.9330539,0.05348627
0.1228658,0.9343026,0.05572431
0.1227662,0.9356483,0.05714016
0.1227266,0.9368859,0.05829583
0.1226146,0.9385827,0.05967592
0.1222603,0.9395955,0.06111981
0.1219617,0.9402851,0.06266345
0.1216124,0.9407864,0.06455977
0.1210929,0.9413286,0.06711905
0.1203185,0.9416607,0.06965668
0.119667,0.9417697,0.07188432
0.1189829,0.9414917,0.07446612
0.1186318,0.9408397,0.07618307
0.1181664,0.9400672,0.07763831
0.1178833,0.938865,0.07882582
0.1180042,0.937309,0.0794891
0.1181417,0.935313,0.07969184
0.1183141,0.9335218,0.07977135
0.1183465,0.9313354,0.08012013
0.1178286,0.9292303,0.08066009
0.1175238,0.9265445,0.08135428
0.1164436,0.9239077,0.0817682
0.1152802,0.920018,0.08196585
0.1145674,0.916581,0.08079945
0.1143008,0.9130972,0.07811172
0.11549,0.9081442,0.07267641
0.1179025,0.9043491,0.06677191
0.1199639,0.9006355,0.06072389
0.1222256,0.8968002,0.05512689
0.1243113,0.8924796,0.0485623
0.1249117,0.8872185,0.04405834
0.125125,0.8825138,0.04107617
0.1250145,0.8752095,0.03740443
0.1244304,0.8691044,0.03436147
0.123552,0.8628874,0.03078169
0.1225509,0.8569191,0.02687527
0.1213522,0.8498988,0.0217714
0.1201053,0.8443637,0.01778995
0.1184182,0.838559,0.01329248
0.116749,0.8320059,0.008184776
0.1144035,0.8246189,0.002622217
0.1121769,0.8181601,-0.002120376
0.1092725,0.8112654,-0.006555796
0.1053205,0.8037866,-0.01124583
0.1015333,0.7979315,-0.01424398
0.09778249,0.7925461,-0.01706232
0.09304476,0.7855173,-0.02124737
0.08849722,0.7789338,-0.02555485
0.08461142,0.7734335,-0.02911659
0.08084074,0.7679701,-0.03287069
0.07624556,0.7618944,-0.03717829
0.07218021,0.7571402,-0.04054731
0.06816329,0.7526799,-0.04368769
0.06454061,0.7486354,-0.04657133
0.05966872,0.7432755,-0.04985441
0.05605708,0.7395535,-0.05213526
0.05237631,0.7359515,-0.0540491
0.04824261,0.7323697,-0.05612966
0.04410474,0.7297834,-0.05726936
0.04021798,0.7279474,-0.05829816
0.03609037,0.7265638,-0.05898386
0.03135453,0.7263258,-0.059366
0.02749358,0.727412,-0.05982903
0.02351256,0.7301486,-0.06043722
0.01963001,0.7353819,-0.0611102
0.01782313,0.7424334,-0.06203569
0.01645556,0.7508324,-0.06268457
0.01546311,0.7623058,-0.06369722
0.01537776,0.7747528,-0.06424423
0.01582925,0.7856954,-0.06461756
0.01667592,0.7980118,-0.06504664
0.01749212,0.8111609,-0.06528011
0.01761487,0.8231866,-0.0652504
0.01800224,0.8342269,-0.06495623
0.01821168,0.8454869,-0.06417216
0.01854861,0.8563069,-0.063585
0.01955023,0.8672627,-0.06337717
0.02063476,0.8764315,-0.06324349
0.02216896,0.8866687,-0.0631894
0.02337201,0.8963535,-0.06278449
0.02434751,0.9046651,-0.06170486
0.02531695,0.9129708,-0.06003751
0.02616622,0.9200203,-0.05810839
0.02614026,0.9269238,-0.05532421
0.02639246,0.9323065,-0.05262323
0.02690497,0.9384966,-0.04967836
0.02784978,0.9424196,-0.04730721
0.02894221,0.9458478,-0.04515772
0.03004448,0.9487453,-0.04249518
0.03114577,0.9508722,-0.03964964
0.03151795,0.9531484,-0.03602009
0.03171751,0.9547186,-0.03305177
0.03191781,0.9563854,-0.02973785
0.03188874,0.9576977,-0.02644072
0.03188103,0.9591417,-0.02336253
0.03157784,0.9603042,-0.02041151
0.03142783,0.9615915,-0.01778306
0.03131753,0.9629385,-0.01463945
0.03144902,0.9638332,-0.01266953
0.03182907,0.9651011,-0.01048009
0.03223109,0.9659641,-0.008757994
0.03250593,0.9668713,-0.007225588
0.03248732,0.9674808,-0.005785897
0.03209168,0.9678736,-0.003734186
0.03131154,0.9682892,-0.001931354
0.03059581,0.9686597,-0.000211969
0.03010124,0.9690872,0.001271039
0.02958779,0.9695392,0.002497479
0.02923112,0.9704762,0.003767595
0.0290008,0.9715698,0.00504224
0.02877519,0.9729013,0.006799951
0.02853493,0.9737521,0.008365199
0.02834828,0.9744111,0.009743616
0.0284275,0.9747046,0.01086237
0.02907886,0.9750357,0.01187341
0.03064725,0.9750891,0.01227932
0.03242865,0.9751697,0.01226014
0.03475775,0.9752467,0.01204427
0.03650808,0.9751201,0.01177303
0.03754668,0.9749728,0.01161827
0.03813113,0.9745335,0.01156296
0.03841154,0.9737852,0.011346
0.03906794,0.9732206,0.01095605
0.03944802,0.9724482,0.01049401
0.03968279,0.9711204,0.009763971
0.03999203,0.9699028,0.008776188
0.04067126,0.9686437,0.007868364
0.04144274,0.9675196,0.006451026
0.04213855,0.9659421,0.005007252
0.04231261,0.9641324,0.003711924
0.0425989,0.9623001,0.002436563
0.04281428,0.9607093,0.0009054393
0.04310708,0.9588727,-0.0005236417
0.04359709,0.9573719,-0.002240047
0.04404019,0.956013,-0.003869846
0.0441757,0.9540806,-0.005951896
0.04435298,0.952408,-0.007483751
0.0443837,0.9510015,-0.009534746
0.04406664,0.9492751,-0.01154236
0.04326968,0.9471416,-0.01418771
0.04266858,0.9453654,-0.0167606
0.04213017,0.9439355,-0.01918389
0.04116334,0.9423805,-0.02173555
0.04054607,0.9406404,-0.02492519
0.0396484,0.9395041,-0.02774982
0.03863522,0.9382707,-0.03042421
0.03765459,0.9367959,-0.03418787
0.03690396,0.9354381,-0.03737529
0.03629315,0.9344144,-0.04099391
0.03550105,0.9333234,-0.04443602
0.03470129,0.93225,-0.04839309
0.03409719,0.9318314,-0.05188145
0.03373899,0.9317399,-0.05511439
0.03322445,0.9317189,-0.05850901
0.03245139,0.9311717,-0.06158298
0.03137742,0.9301317,-0.06453136
0.03012538,0.9291349,-0.06749292
0.02854067,0.9276431,-0.07046901
0.02699378,0.9263383,-0.07342571
0.02556936,0.9250593,-0.07621435
0.02451329,0.923718,-0.07904363
0.02393885,0.9223874,-0.08172163
0.02337262,0.9211662,-0.08392254
0.02294458,0.9195886,-0.08616102
0.02260743,0.9179679,-0.08821017
0.02198666,0.9155546,-0.09033944
0.02136308,0.9133666,-0.09230297
0.02083431,0.9104109,-0.09441079
0.02007809,0.9073089,-0.09612639
0.01916796,0.9038404,-0.09797144
0.01820472,0.9004765,-0.09948689
0.01721388,0.8960776,-0.1011075
0.01607098,0.8915594,-0.1025868
0.01465678,0.8863996,-0.1042205
0.01305638,0.881084,-0.1058724
0.01107886,0.8741308,-0.1078233
0.009591207,0.8684536,-0.1094101
0.00804618,0.8621512,-0.1112816
0.006311059,0.8548401,-0.1134579
0.005537212,0.8490298,-0.1152826
0.004672825,0.8422325,-0.1174376
0.004069179,0.8357254,-0.1194883
0.003725573,0.8285232,-0.1221049
0.003398657,0.8225322,-0.1243475
0.002920866,0.816294,-0.1270138
0.002396405,0.8094512,-0.1302803
0.001609519,0.803734,-0.1335725
0.0007962883,0.7982569,-0.1368332
0.0001341105,0.7928196,-0.1401194
-0.0009291172,0.7864388,-0.1444118
-0.001625344,0.7814788,-0.1479172
-0.002347082,0.7767184,-0.1514297
-0.003211632,0.771906,-0.1553644
-0.003605396,0.767705,-0.1582412
-0.004166082,0.7633596,-0.1617292
-0.004711762,0.7605715,-0.1644504
-0.00513871,0.7579251,-0.1668953
-0.004694283,0.7561644,-0.1682725
-0.004288837,0.7541569,-0.1705724
-0.003747404,0.7527159,-0.1730155
-0.002968863,0.7519587,-0.1750267
-0.002361193,0.7514742,-0.1767705
-0.002127603,0.7512525,-0.178713
-0.001797974,0.751137,-0.1807014
-0.001739264,0.7506757,-0.1830958
-0.001882449,0.7505326,-0.1850478
-0.002347261,0.7503241,-0.1877261
-0.003216222,0.7501436,-0.1899614
-0.004122421,0.7500493,-0.1917284
-0.005286977,0.7500358,-0.1936228
-0.006248444,0.7500158,-0.1953202
-0.006805152,0.74998,-0.1974298
-0.00699003,0.7496935,-0.1994453
-0.006515875,0.748998,-0.2016389
-0.00544019,0.7482926,-0.2039812
-0.004310787,0.7479827,-0.2058656
-0.003325894,0.74761,-0.2078397
-0.0023444,0.7472537,-0.2098323
-0.00164707,0.7467592,-0.211906
-0.00129573,0.7465492,-0.2140268
-0.001010373,0.7466066,-0.2160604
-0.0005328059,0.7469912,-0.2177512
0.000130862,0.7478916,-0.2192952
0.0004427433,0.748723,-0.2207851
0.0005931705,0.7495962,-0.2220486
0.001005366,0.7507504,-0.2235556
0.001562849,0.7519625,-0.2252953
0.002174139,0.7534387,-0.2270867
0.002750874,0.7545751,-0.2283715
0.003438339,0.7561027,-0.2299119
0.004105747,0.7576416,-0.2313711
0.00484176,0.7593332,-0.2324909
0.006028786,0.7611554,-0.2335448
0.007221803,0.7629545,-0.2345108
0.008515418,0.7646957,-0.2352715
0.009642333,0.7666393,-0.2359091
0.01094358,0.7684115,-0.236728
0.01201034,0.7699628,-0.2374799
0.01327901,0.7714489,-0.2383561
0.01433726,0.7726441,-0.2390922
0.01530685,0.7738103,-0.2396708
0.01607838,0.7746752,-0.2402566
0.01687115,0.7757197,-0.2407523
0.01771319,0.7767239,-0.2411135
0.01842353,0.777428,-0.2415661
0.01898375,0.7780533,-0.242057
0.01938732,0.7781721,-0.2424916
0.01972406,0.7779997,-0.2429544
0.0197928,0.7776051,-0.243233
0.01971906,0.7766394,-0.2434563
0.0192409,0.7752593,-0.243659
0.01883313,0.773979,-0.243641
0.0184948,0.7726069,-0.2435528
0.01843785,0.7713184,-0.24341
0.01833874,0.7697294,-0.2434877
0.01791051,0.7682533,-0.2434304
0.01736951,0.7663652,-0.2429805
0.01716934,0.7646121,-0.242783
0.01688179,0.7627723,-0.2423261
0.01640016,0.7608362,-0.2418668
0.01597326,0.7589152,-0.2411215
0.015322,0.7565234,-0.2407115
0.01470473,0.7545646,-0.2402231
0.01382913,0.7518769,-0.2396094
0.01276024,0.7491539,-0.2389407
0.01163583,0.7462435,-0.238402
0.0104129,0.7433257,-0.2375572
0.009310305,0.7403801,-0.2367973
0.00798291,0.7371443,-0.2363332
0.006977394,0.7345131,-0.2358327
0.005503073,0.7309456,-0.2353761
0.004407227,0.7278952,-0.2346285
0.003069833,0.7245345,-0.2340769
0.00220269,0.7217941,-0.2333375
0.001567543,0.7189205,-0.232582
0.0008125156,0.7160402,-0.2316408
0.0003850162,0.7136659,-0.2306647
-8.85129E-05,0.7106915,-0.2299231
-0.0002134293,0.7083157,-0.228571
-0.0004298389,0.7057768,-0.2276358
-0.0007187575,0.7033373,-0.2266804
-0.0007544458,0.7008079,-0.2254197
-0.0008468926,0.6982383,-0.2241805
-0.001125827,0.6956003,-0.2230538
-0.001101255,0.6934537,-0.2217758
-0.001177341,0.6913114,-0.2207628
-0.001304358,0.6891518,-0.2198575
-0.001465678,0.6873146,-0.2188308
-0.001404732,0.6855424,-0.2175078
-0.0014503,0.6843422,-0.2158783
-0.001376316,0.6834152,-0.2146834
-0.001470491,0.6826668,-0.2134443
-0.001823127,0.6821776,-0.2122518
-0.002296448,0.6821075,-0.2114521
-0.002683252,0.6819523,-0.2104975
-0.003369674,0.6819668,-0.2095367
-0.004271105,0.6822458,-0.2084228
-0.005173102,0.6824763,-0.2075818
-0.006223336,0.6826602,-0.2068241
-0.007501274,0.6830843,-0.2062588
-0.009095758,0.6842118,-0.205729
-0.0107978,0.6853128,-0.2047836
-0.01266843,0.68608,-0.2039129
-0.014524,0.6874138,-0.2030872
-0.01658188,0.6887849,-0.2022672
-0.01851138,0.6900843,-0.2013943
-0.02107355,0.6918707,-0.2005887
-0.02381401,0.6937771,-0.1998253
-0.02633078,0.6958293,-0.1992455
-0.02864565,0.6979378,-0.1982841
-0.03110422,0.7008274,-0.1973815
-0.03310318,0.7040153,-0.1962539
-0.03463392,0.7076009,-0.1952685
-0.03650437,0.7119237,-0.1938422
-0.03839152,0.7167504,-0.1922443
-0.04009371,0.7208789,-0.1907357
-0.04196213,0.7249325,-0.1890852
-0.0445907,0.7296408,-0.1870188
-0.04623352,0.7333892,-0.1838926
-0.04765068,0.7369584,-0.1806907
-0.04885326,0.7411619,-0.1765872
-0.04971357,0.7462451,-0.1729544
-0.04998882,0.7515476,-0.1689556
-0.0497617,0.7566777,-0.1648476
-0.04909311,0.7622674,-0.1600842
-0.048227,0.7674373,-0.1558084
-0.04732625,0.7721379,-0.1518817
-0.04621486,0.7760816,-0.1483415
-0.04477878,0.7802021,-0.1446634
-0.04384886,0.7840152,-0.1413833
-0.04346599,0.7869046,-0.1382335
-0.04413487,0.7890771,-0.1347087
-0.0450521,0.7908757,-0.1315417
-0.04566576,0.7919553,-0.1285764
-0.0464635,0.7924507,-0.1255051
-0.0476604,0.7928386,-0.1227784
-0.04882674,0.7927997,-0.1204534
-0.04971994,0.7920571,-0.1179648
-0.05043824,0.7914372,-0.1157824
-0.05096601,0.7912429,-0.1137205
-0.05127232,0.7908483,-0.111891
-0.05169426,0.7904468,-0.1100142
-0.05215304,0.7902165,-0.1082309
-0.05233453,0.7903206,-0.1068883
-0.05267514,0.7907781,-0.1053321
-0.0528767,0.7915776,-0.1041847
-0.0534194,0.7926016,-0.1033451
-0.05382816,0.7933416,-0.1026473
-0.05441235,0.79402,-0.1019435
-0.0548365,0.7947748,-0.1014403
-0.05520914,0.7956014,-0.1010031
-0.0558133,0.7964357,-0.1004557
-0.05633359,0.796938,-0.09992741
-0.056935,0.7972651,-0.09951882
-0.05739011,0.7975352,-0.09930009
-0.05808763,0.7977298,-0.0991227
-0.05892675,0.7973216,-0.09849329
-0.05929421,0.7965084,-0.09814921
-0.05962048,0.7957308,-0.09801726
-0.05973701,0.7948691,-0.09770679
-0.05989014,0.7932983,-0.09735147
-0.06019686,0.7919961,-0.09738214
-0.06041972,0.7902674,-0.09718592
-0.06078748,0.7879911,-0.09677728
-0.06134228,0.7854299,-0.09675459
-0.06193672,0.7829918,-0.0968229
-0.06242155,0.7802528,-0.09702088
-0.06318744,0.7770494,-0.09722999
-0.06359147,0.7745751,-0.09735663
-0.06378315,0.7716907,-0.09772024
-0.06381784,0.7689922,-0.09841565
-0.06383853,0.7659206,-0.09879476
-0.06386022,0.7635275,-0.0993338
-0.06396265,0.760748,-0.09996589
-0.06377141,0.7581168,-0.100573
-0.06356819,0.755549,-0.1011772
-0.06299584,0.7527068,-0.1016184
-0.06215645,0.7498482,-0.1022287
-0.05238967,0.7360825,-0.1032024
-0.05083452,0.732905,-0.1043271
-0.04906346,0.730572,-0.1042379
-0.04523657,0.7169037,-0.1111212
-0.04395543,0.7060695,-0.1130666
-0.04384269,0.6982372,-0.1144285
-0.0441369,0.6938863,-0.1140479
-0.04414155,0.6899315,-0.11445
-0.04363112,0.6848558,-0.1153533
-0.04252653,0.6819876,-0.114844
-0.0416799,0.6799996,-0.1152356
-0.0411319,0.6780069,-0.116045
-0.04060338,0.6761188,-0.1169878
-0.04046334,0.6743326,-0.1177967
-0.04028364,0.6724351,-0.1187858
-0.04022692,0.6708996,-0.1200435
-0.03997771,0.6701164,-0.1211786
-0.03914516,0.6699908,-0.1221643
-0.03836779,0.670342,-0.1225991
-0.03747888,0.6709617,-0.1233072
-0.03631471,0.6719043,-0.1242927
-0.03535901,0.6743374,-0.1251208
-0.03380324,0.6776398,-0.1253128
-0.03036857,0.6826417,-0.1249737
-0.02579768,0.6896582,-0.1238812
-0.02030914,0.6988073,-0.1222596
-0.01414129,0.7100633,-0.1199138
-0.00838834,0.7220588,-0.117139
-0.003227264,0.7345062,-0.11524
0.001249149,0.7456577,-0.1133584
0.00554955,0.7577808,-0.1113236
0.009887278,0.7710643,-0.1091552
0.01351295,0.7846833,-0.1067294
0.01573834,0.7979344,-0.1041905
0.01755548,0.8115054,-0.1009144
0.01896079,0.8255256,-0.09689026
0.02063709,0.8383151,-0.09282383
0.02208884,0.8517054,-0.088122
0.02403101,0.8646646,-0.08357149
0.02609776,0.8785375,-0.07838988
0.02887575,0.8919875,-0.07239659
0.03167239,0.9049509,-0.06589141
0.03310728,0.9174615,-0.05805531
0.03451487,0.927124,-0.05112818
0.03710294,0.9380103,-0.04326186
0.04012717,0.949089,-0.03535856
0.04207119,0.9593681,-0.02725211
0.04328929,0.9685892,-0.01991419
0.04509842,0.9767452,-0.01332326
0.04566123,0.9837626,-0.006479666
0.0454476,0.9901622,-0.0002099127
0.04400879,0.9955414,0.00540325
0.04327635,1.000705,0.009583607
0.04217938,1.004856,0.01334198
0.04164852,1.008317,0.01698495
0.04230329,1.011017,0.01973972
0.04231927,1.012942,0.02298047
0.04200122,1.014326,0.02652477
0.04235262,1.015173,0.02899127
0.04294004,1.015452,0.03120916
0.04268837,1.01527,0.03352024
0.04189347,1.015384,0.03613482
0.04143794,1.015971,0.03781344
0.04102609,1.016316,0.03845502
0.04032691,1.015797,0.03829572
0.03962713,1.014359,0.03745024
0.03955962,1.012245,0.03504805
0.04043595,1.010154,0.03130607
0.04173583,1.007386,0.02647708
0.04261488,1.006003,0.02105537
0.04416858,1.004347,0.0145904
0.04641894,1.000506,0.006832644
0.05079788,0.9934567,-0.003912583
0.05662458,0.987322,-0.01618637
0.06150222,0.9817253,-0.02738702
0.06351113,0.9752495,-0.03807627
0.06495871,0.9678649,-0.04866216
0.06503212,0.9594315,-0.05922323
0.06191297,0.9515385,-0.06859072
0.05667056,0.941407,-0.07768377
0.0518665,0.928686,-0.08639546
0.04704921,0.9133145,-0.09488864
0.04250531,0.8986271,-0.1032667
0.0385121,0.8844724,-0.1115162
0.03317463,0.8698823,-0.1194208
0.02713351,0.8568811,-0.1260338
0.02071236,0.843088,-0.1331575
0.01629616,0.8315561,-0.1386624
0.01174127,0.8201519,-0.1434041
0.007681265,0.8085355,-0.1478535
0.00460963,0.7996181,-0.1526168
0.0008947402,0.7911587,-0.1586183
-0.003278077,0.7828603,-0.1641316
-0.007178813,0.7745422,-0.1704912
-0.01001872,0.7682932,-0.1766078
-0.01200548,0.7636128,-0.1821595
-0.01420771,0.7594464,-0.1868228
-0.01602334,0.7553368,-0.1906135
-0.01740833,0.7510446,-0.1942239
-0.01854822,0.7470859,-0.1971187
-0.01939096,0.7429559,-0.2001774
-0.01990288,0.739804,-0.2027151
-0.01956698,0.7377446,-0.2048151
-0.01897359,0.7360268,-0.2059518
-0.01864953,0.7344396,-0.2062186
-0.01799121,0.7328418,-0.2062354
-0.01762386,0.7314573,-0.205497
-0.01782161,0.7302092,-0.2045457
-0.01785728,0.7293337,-0.2032713
-0.01842454,0.7289951,-0.2013556
-0.01897317,0.7287897,-0.1997052
-0.01961282,0.7286102,-0.1978549
-0.02013366,0.7281224,-0.1958791
-0.0208647,0.7278909,-0.193489
-0.02155334,0.7278846,-0.1897612
-0.02264707,0.7280727,-0.1863306
-0.02372377,0.7278401,-0.1832751
-0.02426416,0.727298,-0.1800492
-0.02473035,0.7270735,-0.1763957
-0.02523766,0.7275829,-0.1729884
-0.02514997,0.728463,-0.1696682
-0.0243624,0.7299441,-0.1664039
-0.02312063,0.731618,-0.1634467
-0.0215067,0.7334699,-0.1603868
-0.01975827,0.7346852,-0.1585245
-0.01747569,0.735644,-0.1568278
-0.01583879,0.7361167,-0.1561592
-0.01374477,0.7359969,-0.1565442
-0.01175003,0.7352808,-0.1577875
-0.01017463,0.7345756,-0.15998
-0.008863419,0.7334602,-0.1628896
-0.007820696,0.7322138,-0.1663686
-0.006530836,0.7312048,-0.1704668
-0.006323084,0.730212,-0.174584
-0.006492436,0.7301771,-0.1793209
-0.006860942,0.7303846,-0.1844016
-0.007124722,0.7313685,-0.1890611
-0.007070541,0.7338763,-0.19404
-0.007201284,0.7367352,-0.1983143
-0.007011116,0.7395595,-0.2027269
-0.007030904,0.7419896,-0.2068069
-0.006714985,0.744252,-0.2108629
-0.006191686,0.7463737,-0.2148137
-0.005519822,0.7481943,-0.2183424
-0.004573762,0.7504554,-0.2221929
-0.003348514,0.7529146,-0.225415
-0.001612201,0.7562941,-0.2279581
0.0001111478,0.7598637,-0.2300808
0.001387671,0.7631853,-0.2322853
0.002638176,0.7656564,-0.2344189
0.003757194,0.7677779,-0.2360129
0.005209506,0.770366,-0.2381756
0.007126018,0.7730029,-0.2413067
0.009709269,0.7772067,-0.2447176
0.01264209,0.7820557,-0.2480076
0.01627223,0.7874435,-0.2520422
0.01977995,0.7926059,-0.2558964
0.0238722,0.7982853,-0.2599409
0.02797888,0.8042944,-0.2632113
0.03155218,0.8109892,-0.2680472
0.03353348,0.8161089,-0.2730408
0.03615819,0.8204663,-0.2794042
0.03905614,0.8228648,-0.2862547
0.04169427,0.8237012,-0.2923374
0.04425901,0.8245577,-0.2981341
0.04712778,0.8245545,-0.3041301
0.04889369,0.8248819,-0.3086908
0.05068156,0.8249865,-0.3138524
0.05124696,0.8237476,-0.3192611
0.04939519,0.8211125,-0.3251816
0.0467997,0.8174729,-0.3316399
0.0441241,0.8127754,-0.3367593
0.04243323,0.8087099,-0.3392951
0.04147111,0.8050314,-0.3406128
0.04182827,0.8022421,-0.3402978
0.04212888,0.7994681,-0.3400038
0.04234327,0.7966941,-0.3397629
0.04253815,0.7935963,-0.3406414
0.04210149,0.7900164,-0.3419894
0.04104047,0.7870894,-0.3427533
0.04010862,0.7851084,-0.3434405
0.03924033,0.7840329,-0.344127
0.03861472,0.7831209,-0.3443867
0.03835949,0.7823868,-0.344966
0.0382885,0.7818897,-0.3450698
0.03786108,0.7814077,-0.3446843
0.03712481,0.7807899,-0.344241
0.036062,0.7801359,-0.3435875
0.03475833,0.7793832,-0.3427709
0.03371578,0.7784207,-0.3418673
0.03278717,0.7774592,-0.3405323
0.03180064,0.7764168,-0.3388312
0.03068934,0.775084,-0.3371459
0.02967532,0.7738917,-0.3354486
0.02841966,0.7727569,-0.3335233
0.02717192,0.771822,-0.3315981
0.02607684,0.7710031,-0.3297635
0.02523071,0.7705526,-0.3283831
0.02437285,0.7702618,-0.3270774
0.02361064,0.7700077,-0.3260523
0.02306689,0.7696498,-0.3251984
0.02251004,0.7693449,-0.324346
0.02196322,0.7691246,-0.3233645
0.02131867,0.7690559,-0.322356
0.02090567,0.7687572,-0.3210543
0.02025671,0.7681755,-0.3194889
0.01923431,0.7669426,-0.3178753
0.01815391,0.7657985,-0.316447
0.01664862,0.7646218,-0.3152909
0.01488499,0.7638311,-0.3140901
0.01354636,0.7629281,-0.312965
0.01228401,0.7620381,-0.3117282
0.01168545,0.7612301,-0.3102784
0.01161432,0.7602487,-0.3090023
0.01163214,0.759458,-0.3079719
0.01184945,0.7585159,-0.3071376
0.01267388,0.7576664,-0.3063214
0.01377171,0.7572628,-0.3057036
0.01461683,0.757443,-0.3052773
0.01525338,0.7582381,-0.3054684
0.0158765,0.7594417,-0.3060044
0.01653765,0.7612091,-0.3071054
0.01722318,0.763486,-0.3082165
0.01773265,0.7663069,-0.3094322
0.01847917,0.768755,-0.3108019
0.01913825,0.7707147,-0.3119804
0.01994385,0.7726595,-0.3126229
0.02107668,0.7741953,-0.312019
0.02308178,0.7747295,-0.3102617
0.02583855,0.7745321,-0.3071272
0.02919586,0.7726694,-0.3027727
0.03146653,0.7698235,-0.2986116
0.03253211,0.7667382,-0.2940581
0.03227735,0.7630573,-0.2877934
0.03152023,0.7599261,-0.2802738
0.0314001,0.7573288,-0.2743919
0.03181307,0.7539504,-0.2696173
0.03166045,0.7513812,-0.2658114
0.02985129,0.7512888,-0.2608528
0.02824534,0.7515319,-0.2563298
0.02732711,0.7506312,-0.2552339
0.02775444,0.7502399,-0.2576165
0.0283276,0.7507594,-0.2609701
0.02641672,0.7522313,-0.2625886
0.02330378,0.7550953,-0.2614501
0.01825105,0.7588404,-0.2594632
0.01243608,0.7623444,-0.2572137
0.006165743,0.7651872,-0.2546715
0.0002777725,0.7691146,-0.2516774
-0.005116343,0.7729453,-0.2485023
-0.01096857,0.7755952,-0.2445337
-0.01664884,0.7768826,-0.2394945
-0.0203661,0.777712,-0.2333839
-0.02184787,0.7786737,-0.2264626
-0.02127481,0.7794742,-0.2175269
-0.01864341,0.7801077,-0.2088686
-0.01448843,0.7805229,-0.1994162
-0.01014289,0.7802669,-0.1903584
-0.005434871,0.780175,-0.1814344
-0.0001121461,0.7797652,-0.1726199
0.004508331,0.7789927,-0.1646132
0.009274453,0.7777298,-0.1558249
0.01286618,0.7763117,-0.1489738
0.0161044,0.7743056,-0.1411405
0.01864037,0.772456,-0.1341472
0.02110137,0.7707072,-0.1272373
0.02344851,0.7691827,-0.1210683
0.02610558,0.7676616,-0.1153813
0.02827866,0.7656453,-0.1097607
0.02976702,0.7639859,-0.1051467
0.03166686,0.7628618,-0.100766
0.03377457,0.7624872,-0.09687637
0.03529361,0.761824,-0.09328232
0.03735079,0.7617901,-0.09022477
0.03868429,0.761319,-0.08763169
0.04024224,0.7610379,-0.08489832
0.04124352,0.7606812,-0.08270505
0.04177111,0.7599908,-0.08067627
0.04224692,0.7599311,-0.07929499
0.04237862,0.7596236,-0.07781263
0.04227255,0.7592091,-0.07679528
0.04168351,0.758421,-0.07587139
0.04086852,0.7579258,-0.07507632
0.04058333,0.7578453,-0.07436261
0.04009175,0.757659,-0.07391323
0.03981106,0.7570365,-0.07366599
0.03956862,0.7568937,-0.07341431
0.03999864,0.7569235,-0.07339084
0.04120579,0.7568577,-0.07333919
0.04191375,0.7563275,-0.07332571
0.04228829,0.7556134,-0.07336719
0.04251654,0.7547968,-0.07346748
0.04306695,0.7543702,-0.07398559
0.04324409,0.7539237,-0.07448408
0.04361643,0.75361,-0.07505047
0.04389238,0.7528966,-0.07572056
0.04411,0.7521437,-0.07638238
0.04404706,0.7514536,-0.07713971
0.04372302,0.7507272,-0.07788061
0.0429395,0.7499157,-0.07879228
0.04219188,0.7492617,-0.08006056
0.04154062,0.7488011,-0.08152209
0.04081662,0.7483571,-0.08315009
0.03996359,0.7479984,-0.08473996
0.0388172,0.747664,-0.08629295
0.03748272,0.7473167,-0.0877579
0.03656577,0.7471035,-0.08905382
0.03554051,0.7474363,-0.0902679
0.03518607,0.7476276,-0.09158574
0.03496447,0.7477456,-0.09255725
0.03523636,0.7480493,-0.09353577
0.03561541,0.7479391,-0.09453656
0.0358898,0.7480074,-0.09495975
0.03571187,0.747531,-0.09533777
0.03558865,0.7470112,-0.09563226
0.03534226,0.7463208,-0.0958393
0.03536388,0.7459674,-0.09599316
0.03551701,0.7457168,-0.09630898
0.03574233,0.7455953,-0.09660937
0.03610419,0.7454991,-0.09680238
0.03653428,0.7455724,-0.09695032
0.0368735,0.7456315,-0.09723308
0.03698924,0.7457238,-0.09749088
0.03698556,0.7457791,-0.09773806
0.03674063,0.745672,-0.09789498
0.03634989,0.7453843,-0.09791121
0.03594881,0.7451621,-0.09794584
0.03572249,0.7450817,-0.09792089
0.03567362,0.744993,-0.09793969
0.03571934,0.7450396,-0.09788912
0.03591782,0.7451603,-0.09788556
0.03635016,0.7452922,-0.09769332
0.03669378,0.7453313,-0.09764145
0.0370332,0.7454272,-0.0975721
0.03720647,0.7454723,-0.09762371
0.03727426,0.745374,-0.09756807
0.03733553,0.7452134,-0.09745581
