0.2084169,0.7242814,-0.03797808
0.2083518,0.7226401,-0.03883766
0.2086522,0.7225493,-0.03931977
0.2081682,0.7221683,-0.03887509
0.2059056,0.7223104,-0.03889364
0.2052569,0.7192095,-0.03809683
0.2054611,0.7154713,-0.03774308
0.2072891,0.715926,-0.04031196
0.2093437,0.7249839,-0.04790974
0.2059832,0.7280439,-0.05044894
0.2013187,0.734222,-0.05170803
0.1984048,0.7403656,-0.05153129
0.1932613,0.7448792,-0.04780732
0.182957,0.7453526,-0.04277709
0.1754619,0.7435926,-0.03821571
0.1754767,0.7459908,-0.03519239
0.1759337,0.7484079,-0.03280182
0.1741448,0.7496501,-0.03048699
0.1735183,0.7495866,-0.0298662
0.1748789,0.744231,-0.02822469
0.1773112,0.733476,-0.02573134
0.1800793,0.7234371,-0.02407171
0.182016,0.7109688,-0.02286598
0.1822442,0.6988514,-0.02266587
0.1831405,0.6946331,-0.02301715
0.1784951,0.7122622,-0.02278017
0.1736953,0.7298644,-0.02283412
0.1670742,0.7437859,-0.02360636
0.1631451,0.7557881,-0.0256318
0.1607171,0.7646883,-0.02902304
0.1567391,0.7714518,-0.03242837
0.1559525,0.7704306,-0.03126667
0.1558951,0.7681561,-0.02975671
0.1568132,0.7670258,-0.03046101
0.1555455,0.7663154,-0.03050376
0.1551158,0.7651222,-0.03068486
0.1552483,0.7653266,-0.03007783
0.1563486,0.7655485,-0.02972473
0.1577253,0.7671648,-0.03059462
0.1578413,0.7690499,-0.03179999
0.1574935,0.7695412,-0.03242038
0.1576069,0.7696915,-0.03158814
0.1571365,0.769478,-0.03165288
0.1569563,0.767721,-0.03183696
0.1580065,0.766532,-0.0319407
0.1610895,0.7681039,-0.03499484
0.1641101,0.7715369,-0.04253481
0.1647636,0.7692323,-0.04311311
0.1663522,0.7681081,-0.04274341
0.1698817,0.7708059,-0.04571454
0.1719359,0.7717167,-0.04622415
0.1743349,0.769127,-0.04339045
0.1798239,0.7645968,-0.03955033
0.1866474,0.7564798,-0.03078267
0.192984,0.7428759,-0.01914245
0.198306,0.7403765,-0.01653856
0.20004,0.738529,-0.01750046
0.2013974,0.7422689,-0.02000704
0.2002077,0.7466303,-0.02446438
0.1979947,0.7461155,-0.02692795
0.1983187,0.7481664,-0.02944906
0.1984793,0.7483819,-0.03060372
0.1975364,0.748822,-0.03086855
0.1969043,0.7472625,-0.02978723
0.1961594,0.7482391,-0.02958205
0.1925356,0.7493245,-0.03019534
0.1924891,0.74935,-0.03209536
0.1931846,0.7442017,-0.02983019
0.1930057,0.741681,-0.0278556
8.704081,0.7411149,0.9422792
8.703525,0.7391708,0.9434
8.70311,0.73816,0.9444501
8.703423,0.7380592,0.9446343
8.700913,0.7381414,0.9450812
8.693602,0.7375216,0.942607
8.695771,0.73289,0.9337457
8.699025,0.7026032,0.9268004
8.704578,0.660735,0.9189849
8.731302,0.6226397,0.8921012
8.738271,0.6074487,0.8727186
8.741664,0.582009,0.8650957
8.75055,0.5448346,0.856108
8.764719,0.5061592,0.8431661
8.780807,0.4612055,0.8389482
8.803528,0.4303133,0.8283497
8.814655,0.4071692,0.8126962
8.826924,0.3866408,0.8057983
8.843133,0.3807252,0.7938518
8.859734,0.3941535,0.7778158
8.857331,0.3923728,0.7794612
8.857107,0.3857574,0.7845912
8.858268,0.3780558,0.7669369
8.873385,0.3720355,0.7503849
8.883643,0.3788942,0.7483548
8.883823,0.4097807,0.7339373
8.862923,0.4330477,0.7182683
8.846996,0.4099554,0.7172505
8.854921,0.4049953,0.7157676
8.853702,0.4223056,0.7008386
8.849753,0.4286363,0.6876162
8.851532,0.4250365,0.6843089
8.854485,0.416015,0.6786872
8.855892,0.4099633,0.6662852
8.855626,0.4112967,0.6600381
8.860862,0.4179826,0.667444
8.861747,0.4229606,0.6667062
8.86332,0.4237385,0.6648979
8.863373,0.4224491,0.6627522
8.863424,0.4243633,0.6663535
8.865545,0.4209994,0.6670805
8.870215,0.4158777,0.664555
8.870215,0.4158777,0.664555
8.870215,0.4158777,0.664555
8.870215,0.4158777,0.664555
8.870215,0.4158777,0.664555
8.870215,0.4158777,0.664555
8.870215,0.4158777,0.664555
8.870215,0.4158777,0.664555
8.870215,0.4158777,0.664555
8.870215,0.4158777,0.664555
8.870215,0.4158777,0.664555
8.870215,0.4158777,0.664555
8.870215,0.4158777,0.664555
8.870215,0.4158777,0.664555
8.870215,0.4158777,0.664555
8.870215,0.4158777,0.664555
8.870215,0.4158777,0.664555
8.870215,0.4158777,0.664555
8.870215,0.4158777,0.664555
8.870215,0.4158777,0.664555
8.870215,0.4158777,0.664555
8.870215,0.4158777,0.664555
8.870215,0.4158777,0.664555
8.870215,0.4158777,0.664555
8.870215,0.4158777,0.664555
8.870215,0.4158777,0.664555
8.870215,0.4158777,0.664555
8.870215,0.4158777,0.664555
8.870215,0.4158777,0.664555
8.870215,0.4158777,0.664555
8.870215,0.4158777,0.664555
8.870215,0.4158777,0.664555
8.870215,0.4158777,0.664555
8.870215,0.4158777,0.664555
8.870215,0.4158777,0.664555
8.870215,0.4158777,0.664555
8.870215,0.4158777,0.664555
8.870215,0.4158777,0.664555
8.870215,0.4158777,0.664555
8.870215,0.4158777,0.664555
8.870215,0.4158777,0.664555
8.870215,0.4158777,0.664555
8.870215,0.4158777,0.664555
8.870215,0.4158777,0.664555
8.870215,0.4158777,0.664555
8.870215,0.4158777,0.664555
8.870215,0.4158777,0.664555
8.870215,0.4158777,0.664555
8.870215,0.4158777,0.664555
8.870215,0.4158777,0.664555
8.870215,0.4158777,0.664555
8.870215,0.4158777,0.664555
8.870215,0.4158777,0.664555
8.870215,0.4158777,0.664555
8.870215,0.4158777,0.664555
8.870215,0.4158777,0.664555
8.870215,0.4158777,0.664555
8.870215,0.4158777,0.664555
8.870215,0.4158777,0.664555
8.870215,0.4158777,0.664555
8.870215,0.4158777,0.664555
8.870215,0.4158777,0.664555
8.870215,0.4158777,0.664555
8.870215,0.4158777,0.664555
8.870215,0.4158777,0.664555
8.870215,0.4158777,0.664555
8.870215,0.4158777,0.664555
8.870215,0.4158777,0.664555
8.870215,0.4158777,0.664555
8.870215,0.4158777,0.664555
8.870215,0.4158777,0.664555
8.870215,0.4158777,0.664555
8.870215,0.4158777,0.664555
8.870215,0.4158777,0.664555
8.870215,0.4158777,0.664555
8.870215,0.4158777,0.664555
8.870215,0.4158777,0.664555
8.870215,0.4158777,0.664555
8.870215,0.4158777,0.664555
8.870215,0.4158777,0.664555
8.870215,0.4158777,0.664555
8.870215,0.4158777,0.664555
8.870215,0.4158777,0.664555
8.870215,0.4158777,0.664555
8.870215,0.4158777,0.664555
8.870215,0.4158777,0.664555
8.870215,0.4158777,0.664555
8.870215,0.4158777,0.664555
8.870215,0.4158777,0.664555
8.870215,0.4158777,0.664555
8.870215,0.4158777,0.664555
8.870215,0.4158777,0.664555
8.870215,0.4158777,0.664555
8.870215,0.4158777,0.664555
8.870215,0.4158777,0.664555
8.870215,0.4158777,0.664555
8.870215,0.4158777,0.664555
8.870215,0.4158777,0.664555
8.870215,0.4158777,0.664555
8.870215,0.4158777,0.664555
8.870215,0.4158777,0.664555
8.870215,0.4158777,0.664555
8.870215,0.4158777,0.664555
8.870215,0.4158777,0.664555
8.870215,0.4158777,0.664555
8.870215,0.4158777,0.664555
8.870215,0.4158777,0.664555
8.870215,0.4158777,0.664555
8.870215,0.4158777,0.664555
8.870215,0.4158777,0.664555
8.870215,0.4158777,0.664555
8.870215,0.4158777,0.664555
8.870215,0.4158777,0.664555
8.870215,0.4158777,0.664555
8.870215,0.4158777,0.664555
8.870215,0.4158777,0.664555
8.870215,0.4158777,0.664555
8.870215,0.4158777,0.664555
8.870215,0.4158777,0.664555
8.870215,0.4158777,0.664555
8.870215,0.4158777,0.664555
8.870215,0.4158777,0.664555
8.870215,0.4158777,0.664555
8.870215,0.4158777,0.664555
8.870215,0.4158777,0.664555
8.870215,0.4158777,0.664555
8.870215,0.4158777,0.664555
8.870215,0.4158777,0.664555
8.870215,0.4158777,0.664555
8.870215,0.4158777,0.664555
8.870215,0.4158777,0.664555
8.870215,0.4158777,0.664555
8.870215,0.4158777,0.664555
8.870215,0.4158777,0.664555
8.870215,0.4158777,0.664555
8.870215,0.4158777,0.664555
8.870215,0.4158777,0.664555
8.870215,0.4158777,0.664555
8.870215,0.4158777,0.664555
8.870215,0.4158777,0.664555
8.870215,0.4158777,0.664555
8.870215,0.4158777,0.664555
8.870215,0.4158777,0.664555
8.870215,0.4158777,0.664555
8.870215,0.4158777,0.664555
8.870215,0.4158777,0.664555
8.870215,0.4158777,0.664555
8.870215,0.4158777,0.664555
8.870215,0.4158777,0.664555
8.870215,0.4158777,0.664555
8.870215,0.4158777,0.664555
8.870215,0.4158777,0.664555
8.870215,0.4158777,0.664555
8.870215,0.4158777,0.664555
8.870215,0.4158777,0.664555
8.870215,0.4158777,0.664555
8.870215,0.4158777,0.664555
8.870215,0.4158777,0.664555
8.870215,0.4158777,0.664555
8.870215,0.4158777,0.664555
8.870215,0.4158777,0.664555
8.870215,0.4158777,0.664555
8.870215,0.4158777,0.664555
8.870215,0.4158777,0.664555
8.870215,0.4158777,0.664555
8.870215,0.4158777,0.664555
8.870215,0.4158777,0.664555
8.870215,0.4158777,0.664555
8.870215,0.4158777,0.664555
8.870215,0.4158777,0.664555
8.870215,0.4158777,0.664555
8.870215,0.4158777,0.664555
8.870215,0.4158777,0.664555
8.870215,0.4158777,0.664555
8.870215,0.4158777,0.664555
8.870215,0.4158777,0.664555
8.870215,0.4158777,0.664555
8.870215,0.4158777,0.664555
8.870215,0.4158777,0.664555
8.870215,0.4158777,0.664555
8.870215,0.4158777,0.664555
8.870215,0.4158777,0.664555
8.870215,0.4158777,0.664555
8.870215,0.4158777,0.664555
8.870215,0.4158777,0.664555
8.870215,0.4158777,0.664555
8.870215,0.4158777,0.664555
8.870215,0.4158777,0.664555
8.870215,0.4158777,0.664555
8.870215,0.4158777,0.664555
8.870215,0.4158777,0.664555
8.870215,0.4158777,0.664555
8.870215,0.4158777,0.664555
8.870215,0.4158777,0.664555
8.870215,0.4158777,0.664555
8.870215,0.4158777,0.664555
8.870215,0.4158777,0.664555
8.870215,0.4158777,0.664555
8.870215,0.4158777,0.664555
8.870215,0.4158777,0.664555
8.870215,0.4158777,0.664555
8.681564,0.6555269,0.9067526
8.672571,0.6778072,0.9157315
8.668013,0.7012941,0.9258705
8.661292,0.7125955,0.9352857
8.656213,0.7194124,0.9422131
8.65168,0.7258053,0.9480605
8.652537,0.7329469,0.9500434
8.653543,0.7368754,0.9502313
8.652489,0.7393435,0.9491209
8.653263,0.7413712,0.9466015
8.654435,0.742512,0.9443279
8.655951,0.7417977,0.942035
8.658932,0.7413359,0.9411291
8.662001,0.7419632,0.9412062
8.664965,0.7436047,0.9417334
8.667189,0.744248,0.9424498
8.66894,0.7452958,0.9436293
8.67043,0.7458718,0.9440171
8.673287,0.746615,0.9447712
8.67699,0.7469612,0.9449287
8.678367,0.7469724,0.9442095
8.679666,0.7490049,0.9432099
8.681861,0.748463,0.9416023
8.683541,0.7470563,0.9400936
8.686132,0.7462333,0.9393366
8.688793,0.7461131,0.9390077
8.690793,0.7453077,0.9377438
8.691406,0.7439536,0.9363863
8.691226,0.743727,0.9364249
8.691019,0.7445529,0.9360936
8.69079,0.74514,0.934653
8.690317,0.7453025,0.9335935
8.690767,0.7457748,0.9338865
8.691227,0.7458823,0.9339426
8.690914,0.7469593,0.9334537
8.691746,0.7468968,0.9330691
0.1814313,0.7476113,-0.03688307
0.1822328,0.7481053,-0.03749114
0.1826563,0.7484027,-0.03764375
0.1832757,0.7487629,-0.03767388
0.1838209,0.748724,-0.03776637
0.1831141,0.7498229,-0.03699818
0.185052,0.7529877,-0.038929
0.1886546,0.7540045,-0.04083697
0.1905549,0.6998268,-0.05676897
0.185803,0.6545845,-0.0824428
0.1856156,0.6434193,-0.09870419
0.1854493,0.6418343,-0.1183157
0.1775566,0.6426902,-0.1251384
0.1729059,0.6433278,-0.1284966
0.1713695,0.6464191,-0.1321495
0.1717406,0.649608,-0.134064
0.1714534,0.6521307,-0.1350063
0.170792,0.6549545,-0.1356098
0.1707026,0.6579074,-0.1363521
0.1698877,0.661181,-0.1362354
0.1688958,0.6647107,-0.1364566
0.1685415,0.6701904,-0.1363927
0.1679171,0.6767889,-0.1356326
0.1664382,0.6851327,-0.1342054
0.1637579,0.6923829,-0.1327238
0.1588936,0.6995876,-0.130717
0.1546053,0.7074774,-0.1295421
0.1499258,0.7135895,-0.1282751
0.1382141,0.7254353,-0.1250225
0.1202405,0.7301376,-0.1174714
0.1095508,0.7411781,-0.1134664
0.09839065,0.7542542,-0.1025935
0.0856673,0.7679902,-0.0882325
0.07659374,0.7761152,-0.07778859
0.06448135,0.7744339,-0.07167692
0.0547584,0.7726491,-0.06635307
0.05128434,0.7728582,-0.06183706
0.04793315,0.7709516,-0.05436678
0.05086647,0.7733786,-0.04567596
0.0572615,0.7831984,-0.03770651
0.06004307,0.7957117,-0.0316817
0.05837107,0.8045054,-0.02926777
0.05359615,0.8115249,-0.02721822
0.04984882,0.8168166,-0.02718885
0.04881613,0.8181475,-0.02438961
0.04429136,0.816303,-0.01903257
0.03841691,0.8084746,-0.008499384
0.03882024,0.8108969,-0.00310719
0.03999053,0.8145688,0.004078597
0.04298939,0.8168406,0.005301014
0.04354756,0.8197313,0.003336266
0.04204287,0.8198107,0.002148062
0.04290822,0.8218918,0.000307247
0.0429081,0.8232613,-0.0005998164
0.04121219,0.8221925,-0.003282472
0.03875586,0.8208366,-0.006241366
0.03671145,0.8205343,-0.008843079
0.03468762,0.8193114,-0.01024555
0.03289296,0.8178744,-0.009684548
0.03287171,0.8184009,-0.009507731
0.03160113,0.8169017,-0.008730426
0.02697356,0.8128524,-0.006131932
0.02513827,0.8138083,-0.007316276
0.02495588,0.8150621,-0.006894648
0.0247504,0.819213,-0.007206872
0.02594461,0.8206034,-0.008044615
0.02808031,0.8217013,-0.01010846
0.03125727,0.8223307,-0.0101582
0.03793563,0.8235601,-0.01090588
0.04378732,0.8230558,-0.01268263
0.04557699,0.8216826,-0.01157092
0.04376721,0.8185909,-0.01089731
0.04360723,0.8168412,-0.01192956
0.04427494,0.8166915,-0.01523995
0.04415055,0.8146251,-0.01567172
0.04514915,0.8128038,-0.01676397
0.0455997,0.8136411,-0.01438801
0.04683883,0.8153518,-0.01386897
0.04665837,0.8139239,-0.01408973
0.04303187,0.8085414,-0.01226342
0.03948635,0.8042576,-0.009871736
0.04182076,0.8048659,-0.01154692
0.04111753,0.8074217,-0.01096191
0.04026148,0.8103825,-0.01148558
0.03948699,0.8147047,-0.01210733
0.04066581,0.8193443,-0.01346751
0.03728108,0.8200901,-0.01429561
0.0351007,0.8198584,-0.01687928
0.03286897,0.8188606,-0.01702048
0.03225793,0.8201192,-0.01134513
0.03238374,0.8183256,-0.01024865
-0.00142765,0.8018195,-0.006298155
-0.0008005053,0.8005596,-0.004000679
-0.004700929,0.7995864,-0.00374791
-0.004647017,0.7982257,-0.007065937
-0.006995827,0.7980114,-0.007223979
-0.009492964,0.7981043,-0.007517144
-0.0122388,0.7991357,-0.007728174
-0.0149097,0.799872,-0.008001149
-0.01785438,0.8005055,-0.008895159
-0.02003919,0.8005636,-0.00911516
-0.02177711,0.8003667,-0.009394467
-0.02259623,0.8000842,-0.009592503
-0.02247688,0.7995203,-0.01025468
-0.0207985,0.7990356,-0.01197605
-0.0192745,0.7989119,-0.01284152
-0.01048282,0.8058313,-0.01880744
-0.004732683,0.812599,-0.02596031
0.0008120835,0.8162675,-0.03710338
0.007197917,0.8189722,-0.04067071
0.008330181,0.8192561,-0.03815643
0.0145999,0.8209391,-0.03979148
0.01959269,0.8213165,-0.04075348
0.02465907,0.8188255,-0.03985569
0.02765898,0.8168069,-0.0376981
0.03024581,0.8138296,-0.03356051
0.03215201,0.8115534,-0.02572349
0.03349866,0.8101507,-0.02216223
0.03182411,0.8045452,-0.02159484
0.02875715,0.8025859,-0.020667
0.02665813,0.8054968,-0.01965678
0.02662314,0.8074253,-0.01842463
0.0302683,0.8131397,-0.02031849
0.03495856,0.8223949,-0.02388613
0.0388056,0.8300276,-0.02879536
0.03868045,0.8421852,-0.03656985
0.03459042,0.8460968,-0.04338628
0.03163014,0.8467869,-0.04404043
0.03150815,0.8510516,-0.04772238
0.02906014,0.8598099,-0.04769494
0.02934925,0.8634689,-0.04774846
0.03278044,0.866181,-0.04833914
0.03823288,0.8713291,-0.05035059
0.04263276,0.8788962,-0.05274349
0.04595594,0.8833616,-0.05459401
0.04628168,0.8862622,-0.0568064
0.04821673,0.889289,-0.05811271
0.05040765,0.8919225,-0.05930084
0.05048254,0.8913291,-0.05918956
0.04723215,0.8859652,-0.05411464
0.04462887,0.8799714,-0.04645516
0.04429844,0.8760021,-0.04025702
0.04469045,0.8739818,-0.03402665
0.04318458,0.874121,-0.03255771
0.04232827,0.8766258,-0.03546448
0.04279549,0.8795301,-0.03669779
0.04182725,0.8830639,-0.03854367
0.04079619,0.8850921,-0.04092796
0.04140615,0.8857937,-0.04239981
0.0428904,0.8847573,-0.04274921
0.04446776,0.8846548,-0.04182215
0.04581572,0.8854603,-0.04205576
0.04674861,0.8870574,-0.04268952
0.04716028,0.8878496,-0.04305063
0.04658861,0.8881518,-0.04352465
0.04453285,0.8898848,-0.04727681
0.0425024,0.8926929,-0.05005866
0.03998835,0.8936766,-0.04871163
0.03414845,0.8934613,-0.04524787
0.02745467,0.8909524,-0.04162896
0.02805822,0.8889762,-0.04012491
0.03183015,0.8899332,-0.03841926
0.03663599,0.8905292,-0.03703289
0.03802572,0.889983,-0.03488897
0.03917365,0.890492,-0.03201979
0.04061855,0.8898535,-0.03084788
0.04320091,0.8888569,-0.0286475
0.04559705,0.8875833,-0.02827093
0.0456966,0.8876384,-0.02986428
0.04544391,0.8901895,-0.03287189
0.04275955,0.8943205,-0.0353452
0.0392684,0.896602,-0.04029977
0.03912787,0.8935273,-0.03963612
0.03337443,0.8483017,-0.05213995
0.031688,0.8455872,-0.05270399
0.02922225,0.8391612,-0.05640371
0.02748431,0.8277889,-0.05315018
0.02544026,0.8238744,-0.05197607
0.02341942,0.8223501,-0.05130531
0.02328576,0.8221737,-0.05115046
0.02355166,0.8231278,-0.05118869
0.02380838,0.8243833,-0.05096672
0.0243255,0.8259335,-0.05013217
0.02487385,0.8269072,-0.04935205
0.0248156,0.8273619,-0.04835905
0.02459101,0.8282645,-0.04722801
0.02516861,0.8293985,-0.04667377
0.02565974,0.8304973,-0.04661359
0.02401979,0.830496,-0.04581939
0.02177484,0.8278843,-0.04540657
0.02235593,0.8265721,-0.04598413
0.02451997,0.8270989,-0.04731518
0.02558325,0.8283036,-0.04809903
0.02726574,0.830075,-0.048455
0.02683727,0.8288551,-0.04613106
0.02581474,0.8278087,-0.04508248
0.02453214,0.8267036,-0.0456984
0.02507512,0.827924,-0.0466585
0.0272314,0.8299033,-0.04807688
0.02857174,0.831117,-0.0492246
0.02857688,0.8309873,-0.05019866
0.02842553,0.8310614,-0.05201526
0.03010508,0.8320253,-0.05425036
0.03436208,0.8339974,-0.0567712
0.04529105,0.8345786,-0.05496342
0.06554256,0.8362909,-0.05542925
0.08978532,0.8300249,-0.05726376
0.1073347,0.8234184,-0.0631208
0.1109331,0.8214465,-0.07594971
0.1102312,0.8205844,-0.08042807
0.1094819,0.8230086,-0.08140698
0.1098616,0.8248778,-0.08045414
0.1121124,0.8285344,-0.07425331
0.1188494,0.835388,-0.06872144
0.1265311,0.8370314,-0.06853294
0.1308944,0.8330823,-0.06485882
0.1355859,0.8269296,-0.06209999
0.1402278,0.8206418,-0.05380078
0.1436244,0.8240021,-0.04610144
0.1459607,0.8289956,-0.04588005
0.1509307,0.8271261,-0.04668103
0.1595667,0.8224278,-0.04770742
0.1653079,0.8155666,-0.04294176
0.1710524,0.8200322,-0.0429316
0.1732914,0.8235949,-0.04246558
0.1708093,0.8233833,-0.03920896
0.1617826,0.8213192,-0.03637779
0.1510898,0.8252216,-0.03680806
0.1362135,0.8334735,-0.03695753
0.1262789,0.8333121,-0.03699611
0.1211215,0.8318741,-0.03546844
0.1172713,0.8356927,-0.03380617
0.1152099,0.8395663,-0.03420784
0.1134554,0.8404897,-0.03435324
0.1125233,0.840609,-0.03405465
0.1135919,0.8379057,-0.03406693
0.1144363,0.8360043,-0.03451274
0.1167345,0.8361259,-0.03494652
0.1203315,0.8370879,-0.03522085
0.1230607,0.8367572,-0.03495088
0.1236691,0.8357437,-0.03431316
0.1224768,0.8361953,-0.0339627
0.1210916,0.8370085,-0.03408456
0.120176,0.8378417,-0.03437008
0.119906,0.8389319,-0.0348769
0.1193423,0.839984,-0.03472477
0.1199766,0.8401092,-0.03436561
0.121553,0.8406532,-0.03397831
0.1233329,0.8403721,-0.03367276
0.1237734,0.8392422,-0.032478
0.1251571,0.8397821,-0.0323333
0.1267193,0.8408348,-0.03201826
0.1279536,0.8402459,-0.03098674
0.1287593,0.8397048,-0.03051715
0.1294667,0.8384843,-0.03020605
0.1306422,0.8374322,-0.02953334
0.133624,0.8370469,-0.02832448
0.1362857,0.8370937,-0.02647072
0.1373463,0.8374701,-0.02681042
0.1370446,0.8342504,-0.02743047
0.1352845,0.8323465,-0.02810648
0.1321882,0.8339196,-0.03079112
0.1302388,0.8358567,-0.03220025
0.1323393,0.8347295,-0.03071357
0.1332212,0.8351057,-0.0303175
0.1308883,0.8350397,-0.03105868
0.1296747,0.8345123,-0.03161046
0.1305042,0.8330806,-0.0318675
0.1311356,0.8320127,-0.03175876
0.130937,0.8324028,-0.03177264
8.640907,0.833144,0.9377693
8.639785,0.832711,0.9385897
8.639439,0.8322122,0.939775
8.638983,0.8322988,0.9399358
8.637956,0.831744,0.9400184
8.637015,0.8318279,0.9398054
8.636195,0.831477,0.9398296
8.633386,0.8287998,0.9402164
8.627125,0.8238775,0.936855
8.625316,0.818579,0.9343083
8.623141,0.8086079,0.9308585
8.618864,0.7999499,0.9217951
8.618402,0.8046342,0.9109371
8.610648,0.8068274,0.8962806
8.600674,0.7903231,0.884177
8.598735,0.7766922,0.8759422
8.60183,0.7737201,0.8675403
8.604879,0.7775016,0.851264
8.609529,0.7770472,0.8323552
8.612368,0.7686039,0.8166511
8.61572,0.7635077,0.8025913
8.620893,0.7591453,0.7852709
8.629522,0.7569607,0.7716047
8.640646,0.7592679,0.7627245
8.657521,0.7424191,0.746075
8.680481,0.7070842,0.7111496
8.712311,0.6850752,0.6570019
8.754637,0.6592587,0.5885047
8.779153,0.6479653,0.5425159
8.773557,0.6429279,0.517352
8.758579,0.6274121,0.504789
8.729692,0.621033,0.4865741
8.710226,0.613868,0.4811661
8.703336,0.6043049,0.4803838
8.704359,0.6024134,0.4811755
8.708612,0.6071851,0.4762625
8.708692,0.610983,0.4711387
8.7085,0.6118239,0.4656228
8.708958,0.6088119,0.4641491
8.711555,0.6056352,0.4611648
8.711248,0.6105412,0.4614889
8.712508,0.6127982,0.4623411
8.712621,0.6068341,0.4651679
8.711014,0.5964495,0.4650593
8.710555,0.5873138,0.4630547
8.710812,0.585117,0.4615078
8.712477,0.585852,0.4616859
8.710575,0.5847526,0.4600867
8.704896,0.5882548,0.4577724
8.704511,0.5906305,0.4545084
8.706041,0.5942695,0.4515287
8.70533,0.5924175,0.4498043
8.706854,0.5944568,0.4467404
8.710927,0.5999628,0.4426367
8.713693,0.6011275,0.442643
8.711892,0.6046634,0.4465718
8.711045,0.6088134,0.4463864
8.712702,0.6084939,0.4505389
8.713825,0.6096497,0.4558494
8.71547,0.6078613,0.4620188
8.715332,0.6034448,0.4655538
8.714856,0.5953466,0.4657003
8.713658,0.5905058,0.4650135
8.709399,0.5886146,0.4638114
8.70841,0.5826356,0.46632
8.70646,0.5774199,0.4679961
8.702886,0.5749911,0.4679209
8.700029,0.5746913,0.4667348
8.701001,0.5728341,0.46682
8.702661,0.5711417,0.465589
8.701144,0.5675616,0.4643883
8.700132,0.5634696,0.461772
8.700228,0.5619459,0.4591835
8.701411,0.5621455,0.4575568
8.704322,0.5641617,0.4595819
8.706569,0.5679799,0.4619054
8.707682,0.5734339,0.4627125
8.706842,0.5772212,0.464203
8.705002,0.5776085,0.4679702
8.703954,0.5677261,0.4681131
8.701365,0.5537882,0.4635275
8.700386,0.5462832,0.4589808
8.701511,0.5560652,0.461816
8.704182,0.559913,0.459244
8.713975,0.5566517,0.4604442
8.74889,0.5526204,0.4794982
8.756113,0.5678906,0.4988296
8.770905,0.5905044,0.5206423
8.781489,0.6073154,0.5379056
8.77981,0.6012942,0.5498737
8.769917,0.5923765,0.5620891
8.758171,0.5954688,0.5769629
8.747159,0.6102333,0.5945386
8.738314,0.6266181,0.602048
8.733695,0.6347402,0.599465
8.731058,0.6358263,0.5909492
8.732882,0.6313602,0.5791745
8.732483,0.6207566,0.5760422
8.731428,0.6131628,0.5726106
8.732147,0.6147656,0.5691018
8.732071,0.6192943,0.5659601
8.730154,0.6162378,0.5645092
8.727448,0.6103845,0.5656005
8.722305,0.6067995,0.5666159
8.719444,0.609623,0.5687579
8.717934,0.615783,0.571478
8.715909,0.6185659,0.5754507
8.714131,0.6188585,0.5754892
8.717435,0.6226304,0.574416
8.719713,0.6278168,0.5760347
8.720268,0.6308971,0.5768347
8.72237,0.6315792,0.5766352
8.723469,0.6290664,0.5758822
8.721569,0.6281457,0.5763417
8.720868,0.6285665,0.5761606
8.720287,0.6264253,0.5746173
8.715962,0.6182139,0.5708827
8.715514,0.6093829,0.5682989
8.718543,0.6093795,0.5651386
8.718667,0.6169705,0.5639302
8.718692,0.6215745,0.5635942
8.717478,0.6158474,0.5630307
8.719347,0.6163278,0.5638927
8.720029,0.6296934,0.5699518
8.719634,0.6456726,0.5746889
8.721896,0.6423236,0.5746373
8.726158,0.6405773,0.57319
8.72768,0.6451957,0.5747352
8.723989,0.6509574,0.5783545
8.721687,0.6525088,0.5815497
8.722217,0.6514855,0.5834469
8.723732,0.6477596,0.5847189
8.726026,0.6431536,0.585659
8.726377,0.6322852,0.5853825
8.727192,0.6079565,0.5882517
8.731139,0.5893873,0.5928761
8.735585,0.5972434,0.5966493
8.738479,0.6084702,0.5952404
8.738722,0.6094149,0.5896894
8.736525,0.6180968,0.5868067
8.738743,0.6330214,0.5912465
8.741646,0.6364269,0.5963504
8.73949,0.6287657,0.6042046
8.739092,0.6300158,0.6166039
8.737116,0.633422,0.6355892
8.736057,0.6318879,0.6494302
8.733803,0.6298752,0.6574751
8.732171,0.6307582,0.6650417
8.718734,0.6312234,0.6658929
8.711528,0.6317791,0.6601906
8.70575,0.6333045,0.6485739
8.713368,0.6320097,0.6414276
8.718487,0.6372586,0.6397456
8.712054,0.6366324,0.6386906
8.708568,0.6336811,0.6379927
8.709846,0.6243604,0.6359636
8.71165,0.6219014,0.6376163
8.709904,0.6253725,0.6395095
8.704636,0.6245091,0.6364552
8.700221,0.6244316,0.6319974
8.700076,0.6255872,0.6228982
8.706211,0.6382509,0.6219703
8.709316,0.6426008,0.6245245
8.706842,0.6358852,0.6219053
8.706717,0.6350169,0.6229417
8.711486,0.6276549,0.6235968
8.717669,0.6127252,0.6235072
8.726089,0.6013279,0.628168
8.745498,0.5946678,0.6364571
8.76484,0.5841258,0.6368117
8.763513,0.571195,0.620494
8.761372,0.5636116,0.6007279
8.763638,0.5699075,0.5791755
8.768824,0.5843428,0.5708464
8.780378,0.5979187,0.5839339
8.768342,0.6083153,0.5508925
8.767829,0.6214433,0.5302268
8.771062,0.614792,0.5315316
8.779518,0.5951154,0.536985
8.796741,0.555989,0.5539701
8.827456,0.501979,0.5793532
8.87466,0.4527454,0.6076463
8.917461,0.4269124,0.6379623
8.929068,0.4170147,0.6517472
8.944967,0.4359434,0.6622345
8.937905,0.461926,0.6561146
8.928671,0.5068325,0.6462911
8.912801,0.5376397,0.6296851
8.892185,0.5573494,0.6018372
8.883348,0.5644261,0.583176
8.873613,0.5696594,0.5717878
8.865356,0.5685965,0.559671
8.861794,0.5659953,0.5549951
8.858452,0.5627929,0.5553528
8.856273,0.5633623,0.5569466
8.853413,0.563275,0.5522237
8.855613,0.5590911,0.5585239
8.861372,0.5484061,0.5655484
8.880546,0.5324137,0.5826247
8.899698,0.5125645,0.5992603
8.911461,0.4892522,0.607031
8.908919,0.4713275,0.604443
8.910555,0.4654769,0.6025794
8.900106,0.470184,0.5947364
8.890034,0.478937,0.5848898
8.876948,0.4935388,0.5778563
8.868089,0.5043361,0.5708352
8.86104,0.5133443,0.5702982
8.857078,0.512089,0.5687426
8.855459,0.5077089,0.5678483
8.852494,0.5061244,0.5718539
8.850786,0.508392,0.577132
8.850699,0.5046011,0.5779162
8.85085,0.4972078,0.5809317
8.852839,0.4879214,0.582368
8.858999,0.4826562,0.5894773
8.866295,0.476297,0.5931341
8.872381,0.4704559,0.5949516
8.881141,0.4626434,0.596485
8.885296,0.4616855,0.6020504
8.886228,0.4657323,0.6066382
8.887787,0.4698671,0.6103787
8.890682,0.4701967,0.6148613
8.8961,0.4667155,0.6203839
8.904514,0.4572942,0.6264806
8.915719,0.4496897,0.6370723
8.928405,0.4425814,0.6462843
8.934552,0.4369294,0.6517426
8.934876,0.4447576,0.656213
8.929746,0.4582473,0.6570827
8.922553,0.4672281,0.6559566
8.918704,0.4731078,0.6614179
8.921994,0.4730065,0.6712545
8.933934,0.4792155,0.68303
8.944457,0.4782855,0.6886049
8.950117,0.4662648,0.6895018
8.955168,0.4646808,0.6857358
8.942278,0.4519824,0.6756538
8.931812,0.4422159,0.6651002
8.94314,0.4232562,0.6672832
8.958669,0.3980145,0.6718712
8.973111,0.3746912,0.6699684
8.986132,0.3520017,0.6581711
8.988267,0.354932,0.6620523
8.988267,0.354932,0.6620523
8.988267,0.354932,0.6620523
8.988267,0.354932,0.6620523
8.988267,0.354932,0.6620523
8.988267,0.354932,0.6620523
8.988267,0.354932,0.6620523
8.988267,0.354932,0.6620523
8.988267,0.354932,0.6620523
8.988267,0.354932,0.6620523
8.988267,0.354932,0.6620523
8.876362,0.5310556,0.5454459
8.86881,0.5652373,0.5328781
8.86371,0.5788181,0.5284288
8.855269,0.5817683,0.5273694
8.847859,0.5872527,0.5281339
8.839499,0.5908175,0.5338781
8.829639,0.59108,0.5443006
8.822259,0.5997834,0.5560355
8.815577,0.6099058,0.5683759
8.811675,0.6110154,0.5821307
8.8084,0.6072466,0.5966447
8.804895,0.6034592,0.6200396
8.804436,0.5991572,0.6538844
8.810324,0.5983996,0.6855217
8.81997,0.5957711,0.6996138
8.832564,0.594444,0.7010108
8.846904,0.5860195,0.7043957
8.858269,0.5702549,0.7039798
8.868603,0.5420868,0.6964206
8.887204,0.5343097,0.6935126
8.900962,0.5234628,0.6938229
8.912015,0.5090615,0.6970853
8.911452,0.4934349,0.6992116
8.910957,0.4877125,0.6992807
8.90964,0.4868637,0.6997648
8.908981,0.4836532,0.6991642
8.91441,0.4876077,0.7007864
8.92379,0.4802351,0.7023281
8.93466,0.4770283,0.7073653
8.944968,0.4706503,0.7117425
8.954531,0.4629264,0.7162637
8.964582,0.4579509,0.715464
8.97489,0.4562582,0.7130794
8.987834,0.455755,0.7078285
8.993855,0.4613783,0.7033253
8.993594,0.4687658,0.7038226
8.991393,0.4740895,0.7048652
8.986448,0.4819787,0.699982
8.980837,0.4912528,0.6934183
8.983942,0.4993026,0.6929147
8.983845,0.5007159,0.6941993
8.983035,0.5023178,0.6972744
8.979882,0.5089684,0.6973844
8.976016,0.5126129,0.6971114
8.966304,0.5206229,0.6918259
8.956121,0.5344107,0.6867629
8.940054,0.5509193,0.6697067
8.925522,0.5781521,0.6392603
8.926165,0.6254079,0.6155795
8.920651,0.6527928,0.5982989
8.915182,0.6645904,0.5825289
8.910538,0.6709964,0.5586611
8.911327,0.6663092,0.5338756
8.916058,0.6504216,0.4980961
8.91966,0.6547574,0.4580997
8.931859,0.6682475,0.4286388
8.945351,0.6727534,0.4056095
8.954498,0.6711062,0.3876307
8.959607,0.6686223,0.3735218
8.965053,0.6643994,0.3590257
8.966915,0.6713818,0.3493965
8.969603,0.6834322,0.3451982
8.972147,0.6903835,0.340579
8.977118,0.6943882,0.3362718
8.983786,0.6990982,0.3342314
8.989978,0.6967433,0.3374609
8.995926,0.6885822,0.3454231
9.003166,0.6771098,0.3500845
9.008539,0.6694544,0.3497658
9.012505,0.6659463,0.3480933
9.015358,0.6669,0.3475906
9.018073,0.6705797,0.3464339
9.020517,0.6781948,0.3471481
9.019342,0.6843439,0.3517424
9.015743,0.688108,0.3588346
9.004705,0.6534447,0.3742371
8.993125,0.6071403,0.4594352
8.974709,0.5793634,0.5174097
8.964273,0.5653966,0.5748462
8.961394,0.547565,0.6148917
8.9521,0.5281842,0.6311896
8.947786,0.5254993,0.6452603
8.95188,0.5267824,0.6589267
8.952198,0.5296621,0.6711971
8.955364,0.5354851,0.6735444
8.944928,0.5282984,0.6838315
8.92896,0.5348613,0.6950257
8.910672,0.5379779,0.7068717
8.905753,0.5241891,0.7114335
8.904633,0.5116497,0.7079186
8.909177,0.5088786,0.7060185
8.909399,0.5292363,0.7068003
8.912487,0.5562887,0.7056351
8.921336,0.5742307,0.6999743
8.929346,0.5868654,0.6925505
8.931484,0.5947736,0.6856594
8.93542,0.599641,0.67957
8.934612,0.5981889,0.6775816
8.937548,0.587257,0.6735488
8.947742,0.5627028,0.6660345
8.959058,0.5385694,0.6619774
8.966699,0.5344661,0.659543
8.967536,0.5413316,0.6638371
8.965056,0.5469522,0.6674231
8.963284,0.5515522,0.6683757
8.962687,0.5517936,0.670238
8.961647,0.5512599,0.6716431
8.964554,0.5533711,0.6736466
8.965894,0.556151,0.673767
8.969601,0.556526,0.6704996
8.972657,0.5586033,0.6664555
8.973218,0.5577821,0.6653476
8.973289,0.5584967,0.6648257
8.972231,0.5591242,0.6655961
8.973678,0.5588428,0.6658072
8.975647,0.5559071,0.6643251
8.978278,0.5547702,0.6615803
8.98238,0.5533905,0.6590068
8.984373,0.5519416,0.6590604
8.987214,0.5519475,0.6584112
8.989487,0.550882,0.658181
8.99315,0.5478147,0.6584681
8.995725,0.5464365,0.6573139
8.99612,0.5457671,0.6558664
8.991997,0.5442627,0.6545517
8.978743,0.538765,0.6504474
8.952445,0.5258281,0.642886
8.929259,0.5106368,0.6303487
8.916388,0.5071105,0.6149786
8.903075,0.5246083,0.6085445
8.888107,0.545691,0.6075987
8.876114,0.5702674,0.6165527
8.869787,0.5916458,0.6311744
8.866496,0.5970739,0.643917
8.863106,0.5901067,0.6549185
8.862567,0.5872187,0.6626814
8.861478,0.5941779,0.666653
8.862319,0.5978953,0.6657572
8.861259,0.5996093,0.6620026
8.8543,0.5942368,0.6593311
8.850371,0.6009057,0.6544684
8.844993,0.60581,0.6468933
8.836587,0.5993095,0.6395849
8.833875,0.5870106,0.6352931
8.840053,0.567571,0.6372923
8.862622,0.5142076,0.6351194
8.891788,0.4810556,0.6293196
8.922339,0.4577231,0.625799
8.956087,0.4285522,0.6236137
8.991054,0.3961196,0.6277618
9.015364,0.3784986,0.6362563
9.036427,0.3625523,0.6502217
9.052146,0.3436146,0.6637874
9.069194,0.3066579,0.6648563
9.077271,0.311942,0.668209
9.091009,0.3676567,0.6905522
9.095039,0.4619243,0.7023816
9.075076,0.5504653,0.7084399
9.075076,0.5504653,0.7084399
9.075076,0.5504653,0.7084399
9.075076,0.5504653,0.7084399
9.075076,0.5504653,0.7084399
9.075076,0.5504653,0.7084399
9.075076,0.5504653,0.7084399
9.075076,0.5504653,0.7084399
9.075076,0.5504653,0.7084399
9.075076,0.5504653,0.7084399
9.075076,0.5504653,0.7084399
9.075076,0.5504653,0.7084399
9.075076,0.5504653,0.7084399
9.075076,0.5504653,0.7084399
9.075076,0.5504653,0.7084399
9.075076,0.5504653,0.7084399
9.075076,0.5504653,0.7084399
9.075076,0.5504653,0.7084399
9.075076,0.5504653,0.7084399
9.075076,0.5504653,0.7084399
9.075076,0.5504653,0.7084399
9.075076,0.5504653,0.7084399
9.075076,0.5504653,0.7084399
9.075076,0.5504653,0.7084399
9.075076,0.5504653,0.7084399
9.075076,0.5504653,0.7084399
9.075076,0.5504653,0.7084399
9.075076,0.5504653,0.7084399
9.075076,0.5504653,0.7084399
9.075076,0.5504653,0.7084399
9.075076,0.5504653,0.7084399
9.075076,0.5504653,0.7084399
9.075076,0.5504653,0.7084399
9.075076,0.5504653,0.7084399
9.075076,0.5504653,0.7084399
9.075076,0.5504653,0.7084399
9.075076,0.5504653,0.7084399
9.075076,0.5504653,0.7084399
9.075076,0.5504653,0.7084399
9.075076,0.5504653,0.7084399
9.075076,0.5504653,0.7084399
9.075076,0.5504653,0.7084399
9.075076,0.5504653,0.7084399
9.075076,0.5504653,0.7084399
9.075076,0.5504653,0.7084399
9.075076,0.5504653,0.7084399
9.075076,0.5504653,0.7084399
9.075076,0.5504653,0.7084399
9.075076,0.5504653,0.7084399
9.075076,0.5504653,0.7084399
9.075076,0.5504653,0.7084399
9.075076,0.5504653,0.7084399
9.075076,0.5504653,0.7084399
9.075076,0.5504653,0.7084399
9.075076,0.5504653,0.7084399
9.075076,0.5504653,0.7084399
9.075076,0.5504653,0.7084399
9.075076,0.5504653,0.7084399
9.075076,0.5504653,0.7084399
9.075076,0.5504653,0.7084399
9.075076,0.5504653,0.7084399
9.075076,0.5504653,0.7084399
9.075076,0.5504653,0.7084399
9.075076,0.5504653,0.7084399
9.075076,0.5504653,0.7084399
9.075076,0.5504653,0.7084399
9.075076,0.5504653,0.7084399
9.075076,0.5504653,0.7084399
9.075076,0.5504653,0.7084399
9.075076,0.5504653,0.7084399
9.075076,0.5504653,0.7084399
9.075076,0.5504653,0.7084399
9.075076,0.5504653,0.7084399
9.075076,0.5504653,0.7084399
9.075076,0.5504653,0.7084399
9.075076,0.5504653,0.7084399
9.075076,0.5504653,0.7084399
9.075076,0.5504653,0.7084399
9.075076,0.5504653,0.7084399
9.075076,0.5504653,0.7084399
9.075076,0.5504653,0.7084399
9.075076,0.5504653,0.7084399
9.075076,0.5504653,0.7084399
9.075076,0.5504653,0.7084399
9.075076,0.5504653,0.7084399
9.075076,0.5504653,0.7084399
9.075076,0.5504653,0.7084399
9.075076,0.5504653,0.7084399
9.075076,0.5504653,0.7084399
9.075076,0.5504653,0.7084399
9.075076,0.5504653,0.7084399
9.075076,0.5504653,0.7084399
9.075076,0.5504653,0.7084399
9.075076,0.5504653,0.7084399
9.075076,0.5504653,0.7084399
9.075076,0.5504653,0.7084399
9.075076,0.5504653,0.7084399
9.075076,0.5504653,0.7084399
9.075076,0.5504653,0.7084399
9.075076,0.5504653,0.7084399
9.075076,0.5504653,0.7084399
9.075076,0.5504653,0.7084399
9.075076,0.5504653,0.7084399
9.075076,0.5504653,0.7084399
9.075076,0.5504653,0.7084399
9.075076,0.5504653,0.7084399
9.075076,0.5504653,0.7084399
9.075076,0.5504653,0.7084399
9.075076,0.5504653,0.7084399
9.075076,0.5504653,0.7084399
9.075076,0.5504653,0.7084399
9.075076,0.5504653,0.7084399
9.075076,0.5504653,0.7084399
9.075076,0.5504653,0.7084399
9.075076,0.5504653,0.7084399
9.075076,0.5504653,0.7084399
9.075076,0.5504653,0.7084399
9.075076,0.5504653,0.7084399
9.075076,0.5504653,0.7084399
9.075076,0.5504653,0.7084399
9.075076,0.5504653,0.7084399
9.075076,0.5504653,0.7084399
9.075076,0.5504653,0.7084399
9.075076,0.5504653,0.7084399
9.075076,0.5504653,0.7084399
9.075076,0.5504653,0.7084399
9.075076,0.5504653,0.7084399
9.075076,0.5504653,0.7084399
9.075076,0.5504653,0.7084399
9.075076,0.5504653,0.7084399
9.075076,0.5504653,0.7084399
9.075076,0.5504653,0.7084399
9.075076,0.5504653,0.7084399
9.075076,0.5504653,0.7084399
9.075076,0.5504653,0.7084399
9.075076,0.5504653,0.7084399
9.075076,0.5504653,0.7084399
9.075076,0.5504653,0.7084399
9.075076,0.5504653,0.7084399
9.075076,0.5504653,0.7084399
9.075076,0.5504653,0.7084399
9.075076,0.5504653,0.7084399
9.075076,0.5504653,0.7084399
9.075076,0.5504653,0.7084399
9.075076,0.5504653,0.7084399
9.075076,0.5504653,0.7084399
9.075076,0.5504653,0.7084399
9.075076,0.5504653,0.7084399
9.075076,0.5504653,0.7084399
9.075076,0.5504653,0.7084399
9.075076,0.5504653,0.7084399
9.075076,0.5504653,0.7084399
9.075076,0.5504653,0.7084399
9.075076,0.5504653,0.7084399
9.075076,0.5504653,0.7084399
9.075076,0.5504653,0.7084399
9.075076,0.5504653,0.7084399
9.075076,0.5504653,0.7084399
9.075076,0.5504653,0.7084399
9.075076,0.5504653,0.7084399
9.075076,0.5504653,0.7084399
9.075076,0.5504653,0.7084399
9.075076,0.5504653,0.7084399
9.075076,0.5504653,0.7084399
9.075076,0.5504653,0.7084399
9.075076,0.5504653,0.7084399
9.075076,0.5504653,0.7084399
9.075076,0.5504653,0.7084399
9.075076,0.5504653,0.7084399
9.075076,0.5504653,0.7084399
9.075076,0.5504653,0.7084399
9.075076,0.5504653,0.7084399
9.075076,0.5504653,0.7084399
9.075076,0.5504653,0.7084399
9.075076,0.5504653,0.7084399
9.075076,0.5504653,0.7084399
9.075076,0.5504653,0.7084399
9.075076,0.5504653,0.7084399
9.075076,0.5504653,0.7084399
9.075076,0.5504653,0.7084399
9.075076,0.5504653,0.7084399
9.075076,0.5504653,0.7084399
9.075076,0.5504653,0.7084399
9.075076,0.5504653,0.7084399
9.075076,0.5504653,0.7084399
9.075076,0.5504653,0.7084399
9.075076,0.5504653,0.7084399
9.075076,0.5504653,0.7084399
9.075076,0.5504653,0.7084399
9.075076,0.5504653,0.7084399
9.075076,0.5504653,0.7084399
9.075076,0.5504653,0.7084399
9.075076,0.5504653,0.7084399
9.075076,0.5504653,0.7084399
9.075076,0.5504653,0.7084399
9.075076,0.5504653,0.7084399
9.075076,0.5504653,0.7084399
9.075076,0.5504653,0.7084399
9.075076,0.5504653,0.7084399
9.075076,0.5504653,0.7084399
9.075076,0.5504653,0.7084399
9.075076,0.5504653,0.7084399
9.075076,0.5504653,0.7084399
9.075076,0.5504653,0.7084399
9.075076,0.5504653,0.7084399
9.075076,0.5504653,0.7084399
9.075076,0.5504653,0.7084399
9.075076,0.5504653,0.7084399
9.075076,0.5504653,0.7084399
9.075076,0.5504653,0.7084399
9.075076,0.5504653,0.7084399
9.075076,0.5504653,0.7084399
9.075076,0.5504653,0.7084399
9.075076,0.5504653,0.7084399
9.075076,0.5504653,0.7084399
9.075076,0.5504653,0.7084399
9.075076,0.5504653,0.7084399
9.075076,0.5504653,0.7084399
9.075076,0.5504653,0.7084399
9.075076,0.5504653,0.7084399
9.075076,0.5504653,0.7084399
9.075076,0.5504653,0.7084399
9.075076,0.5504653,0.7084399
9.075076,0.5504653,0.7084399
9.075076,0.5504653,0.7084399
9.075076,0.5504653,0.7084399
9.075076,0.5504653,0.7084399
9.075076,0.5504653,0.7084399
9.075076,0.5504653,0.7084399
9.075076,0.5504653,0.7084399
9.075076,0.5504653,0.7084399
8.984902,0.4661232,0.5343196
9.003205,0.4365273,0.5427867
9.015926,0.4267948,0.5524451
9.02243,0.415741,0.5564468
9.02852,0.4085765,0.5589153
9.033726,0.4077591,0.5626423
9.038075,0.4072087,0.5635329
9.038643,0.4253289,0.5646726
9.023242,0.4620898,0.5569897
8.997048,0.5139042,0.5470124
8.9661,0.5896726,0.534892
8.937788,0.6487498,0.5234875
8.918398,0.6965565,0.5198318
8.900711,0.720175,0.5245617
8.886407,0.7184603,0.5344018
8.878561,0.7240923,0.5422233
8.874583,0.7257333,0.5468159
8.87068,0.7202765,0.5419348
8.871508,0.7164689,0.5349987
8.869832,0.71061,0.5242301
8.868593,0.6984513,0.5104699
8.872524,0.6927553,0.4993312
8.875684,0.6890703,0.4902195
8.879982,0.6816972,0.4806446
8.883203,0.6788469,0.4752437
8.888879,0.6868473,0.4890531
8.891965,0.6931666,0.5168428
8.884977,0.6896768,0.5329267
8.877405,0.6851218,0.5421797
8.874512,0.683757,0.5454491
8.87245,0.6840183,0.5428077
8.869108,0.680204,0.5351067
8.870581,0.6723582,0.5275804
8.87086,0.6702389,0.5241006
8.870347,0.6735204,0.524722
8.866383,0.67289,0.5226902
8.865571,0.656128,0.5199795
8.877059,0.6265755,0.515186
8.908823,0.5972,0.5129021
8.943586,0.5572459,0.5137318
8.964668,0.5067479,0.5085789
9.002087,0.4725289,0.5119589
9.046824,0.4248208,0.5267015
9.084359,0.3827102,0.5371267
9.109689,0.3396799,0.5231494
9.146586,0.3506482,0.5261184
9.173601,0.3789172,0.5336872
9.163073,0.4010851,0.530278
9.163073,0.4010851,0.530278
9.163073,0.4010851,0.530278
9.163073,0.4010851,0.530278
9.163073,0.4010851,0.530278
9.163073,0.4010851,0.530278
9.163073,0.4010851,0.530278
9.163073,0.4010851,0.530278
9.163073,0.4010851,0.530278
9.163073,0.4010851,0.530278
9.163073,0.4010851,0.530278
9.163073,0.4010851,0.530278
9.163073,0.4010851,0.530278
9.163073,0.4010851,0.530278
9.163073,0.4010851,0.530278
9.163073,0.4010851,0.530278
9.163073,0.4010851,0.530278
9.163073,0.4010851,0.530278
9.163073,0.4010851,0.530278
9.163073,0.4010851,0.530278
9.163073,0.4010851,0.530278
9.163073,0.4010851,0.530278
9.163073,0.4010851,0.530278
9.163073,0.4010851,0.530278
9.163073,0.4010851,0.530278
9.163073,0.4010851,0.530278
9.163073,0.4010851,0.530278
9.163073,0.4010851,0.530278
9.163073,0.4010851,0.530278
9.163073,0.4010851,0.530278
9.163073,0.4010851,0.530278
9.163073,0.4010851,0.530278
9.163073,0.4010851,0.530278
9.163073,0.4010851,0.530278
9.163073,0.4010851,0.530278
9.163073,0.4010851,0.530278
9.163073,0.4010851,0.530278
9.163073,0.4010851,0.530278
9.163073,0.4010851,0.530278
9.163073,0.4010851,0.530278
9.163073,0.4010851,0.530278
9.163073,0.4010851,0.530278
9.163073,0.4010851,0.530278
9.163073,0.4010851,0.530278
9.163073,0.4010851,0.530278
9.163073,0.4010851,0.530278
9.163073,0.4010851,0.530278
9.163073,0.4010851,0.530278
9.163073,0.4010851,0.530278
9.163073,0.4010851,0.530278
9.163073,0.4010851,0.530278
9.163073,0.4010851,0.530278
9.163073,0.4010851,0.530278
9.163073,0.4010851,0.530278
9.163073,0.4010851,0.530278
9.163073,0.4010851,0.530278
9.163073,0.4010851,0.530278
9.163073,0.4010851,0.530278
9.163073,0.4010851,0.530278
9.163073,0.4010851,0.530278
9.163073,0.4010851,0.530278
9.163073,0.4010851,0.530278
9.163073,0.4010851,0.530278
9.163073,0.4010851,0.530278
9.163073,0.4010851,0.530278
9.163073,0.4010851,0.530278
9.163073,0.4010851,0.530278
9.163073,0.4010851,0.530278
9.163073,0.4010851,0.530278
9.163073,0.4010851,0.530278
9.163073,0.4010851,0.530278
9.163073,0.4010851,0.530278
9.163073,0.4010851,0.530278
9.163073,0.4010851,0.530278
9.163073,0.4010851,0.530278
9.163073,0.4010851,0.530278
9.163073,0.4010851,0.530278
9.163073,0.4010851,0.530278
9.163073,0.4010851,0.530278
9.163073,0.4010851,0.530278
9.163073,0.4010851,0.530278
9.163073,0.4010851,0.530278
9.163073,0.4010851,0.530278
9.163073,0.4010851,0.530278
9.163073,0.4010851,0.530278
9.163073,0.4010851,0.530278
9.163073,0.4010851,0.530278
9.163073,0.4010851,0.530278
9.163073,0.4010851,0.530278
9.163073,0.4010851,0.530278
8.640679,0.7360974,0.8446921
8.651527,0.7624441,0.8497779
8.661268,0.7754775,0.8511987
8.668682,0.7877378,0.8524658
8.680749,0.8039168,0.8554668
8.693045,0.8097103,0.8574476
8.697278,0.8093081,0.8601897
8.696961,0.8085659,0.8607252
8.69316,0.8058674,0.8601259
8.691729,0.8019279,0.8596176
8.690946,0.7992263,0.8593836
8.689544,0.7975368,0.8592774
8.688555,0.7971008,0.8584273
8.687781,0.797432,0.8571094
8.688555,0.7992857,0.8534851
8.69081,0.8011478,0.8505495
8.691958,0.8006606,0.848271
8.692663,0.7996948,0.8471242
8.692576,0.7972432,0.8475249
8.694105,0.7951697,0.8487004
8.694591,0.7960905,0.8491759
8.692781,0.7976595,0.8485228
8.692596,0.7969342,0.8477315
8.693172,0.7967226,0.8480703
8.692102,0.7985702,0.8489816
8.691497,0.7970036,0.8480215
8.693307,0.7949896,0.8467573
8.693515,0.7942477,0.8464862
8.692581,0.7962583,0.8464928
8.691545,0.796872,0.846287
8.692225,0.7941439,0.8452362
8.691784,0.7921159,0.8459536
8.691001,0.7928293,0.8466477
8.689981,0.7946244,0.8461382
8.690097,0.7947909,0.8457213
8.68939,0.795085,0.8455779
8.688536,0.7948881,0.844986
8.688694,0.7942875,0.8448369
8.689616,0.7929398,0.844342
8.690415,0.7933758,0.8445157
8.68889,0.7948537,0.843756
8.687651,0.7947672,0.8426581
8.687995,0.794148,0.8412116
8.688114,0.7936633,0.8406761
8.687811,0.7930041,0.8407797
0.1764519,0.7936695,-0.1277478
0.1746753,0.7942633,-0.1281048
0.1738124,0.7937046,-0.1305824
0.1733232,0.7927408,-0.1318842
0.1724056,0.790181,-0.1311119
0.1997072,0.5556974,-0.3236957
0.2061561,0.5418557,-0.325317
0.243355,0.4776137,-0.3391959
0.2822319,0.4163373,-0.3515192
0.3002908,0.3805511,-0.3505642
0.3164398,0.3615645,-0.3497716
0.3207805,0.3472602,-0.3475187
0.3221083,0.3324416,-0.3492833
0.3226473,0.3216327,-0.3522693
0.3277816,0.3242833,-0.3540497
0.3313717,0.3300618,-0.3537612
0.3343188,0.3419337,-0.3542309
0.3440473,0.3644096,-0.3534853
0.3440473,0.3644096,-0.3534853
0.3440473,0.3644096,-0.3534853
0.3440473,0.3644096,-0.3534853
0.3440473,0.3644096,-0.3534853
0.3440473,0.3644096,-0.3534853
0.3440473,0.3644096,-0.3534853
0.3440473,0.3644096,-0.3534853
0.3440473,0.3644096,-0.3534853
0.3440473,0.3644096,-0.3534853
0.3440473,0.3644096,-0.3534853
0.3440473,0.3644096,-0.3534853
0.3440473,0.3644096,-0.3534853
0.3440473,0.3644096,-0.3534853
0.3440473,0.3644096,-0.3534853
0.3440473,0.3644096,-0.3534853
0.3440473,0.3644096,-0.3534853
0.3440473,0.3644096,-0.3534853
0.3440473,0.3644096,-0.3534853
0.3440473,0.3644096,-0.3534853
0.3440473,0.3644096,-0.3534853
0.3440473,0.3644096,-0.3534853
0.3440473,0.3644096,-0.3534853
0.3440473,0.3644096,-0.3534853
0.3440473,0.3644096,-0.3534853
0.3440473,0.3644096,-0.3534853
0.3440473,0.3644096,-0.3534853
0.3440473,0.3644096,-0.3534853
0.3440473,0.3644096,-0.3534853
0.3440473,0.3644096,-0.3534853
0.3440473,0.3644096,-0.3534853
0.3440473,0.3644096,-0.3534853
0.3440473,0.3644096,-0.3534853
0.3440473,0.3644096,-0.3534853
0.3440473,0.3644096,-0.3534853
0.3440473,0.3644096,-0.3534853
0.3440473,0.3644096,-0.3534853
0.3440473,0.3644096,-0.3534853
0.3440473,0.3644096,-0.3534853
0.3440473,0.3644096,-0.3534853
0.3440473,0.3644096,-0.3534853
0.3440473,0.3644096,-0.3534853
0.3440473,0.3644096,-0.3534853
0.3440473,0.3644096,-0.3534853
0.3440473,0.3644096,-0.3534853
0.3440473,0.3644096,-0.3534853
0.3440473,0.3644096,-0.3534853
0.3440473,0.3644096,-0.3534853
0.3440473,0.3644096,-0.3534853
0.3440473,0.3644096,-0.3534853
0.3440473,0.3644096,-0.3534853
0.3440473,0.3644096,-0.3534853
0.3440473,0.3644096,-0.3534853
0.3440473,0.3644096,-0.3534853
0.3440473,0.3644096,-0.3534853
0.3440473,0.3644096,-0.3534853
0.3440473,0.3644096,-0.3534853
0.3440473,0.3644096,-0.3534853
0.3440473,0.3644096,-0.3534853
0.3440473,0.3644096,-0.3534853
0.3440473,0.3644096,-0.3534853
0.3440473,0.3644096,-0.3534853
0.3440473,0.3644096,-0.3534853
0.3440473,0.3644096,-0.3534853
0.3440473,0.3644096,-0.3534853
0.3440473,0.3644096,-0.3534853
0.3440473,0.3644096,-0.3534853
0.3440473,0.3644096,-0.3534853
0.3440473,0.3644096,-0.3534853
0.3440473,0.3644096,-0.3534853
0.3440473,0.3644096,-0.3534853
0.3440473,0.3644096,-0.3534853
0.3440473,0.3644096,-0.3534853
0.3440473,0.3644096,-0.3534853
0.3440473,0.3644096,-0.3534853
0.3440473,0.3644096,-0.3534853
0.3440473,0.3644096,-0.3534853
0.3440473,0.3644096,-0.3534853
0.3440473,0.3644096,-0.3534853
0.3440473,0.3644096,-0.3534853
0.3440473,0.3644096,-0.3534853
0.3440473,0.3644096,-0.3534853
0.3440473,0.3644096,-0.3534853
0.1813998,0.7125884,-0.1426514
0.1902504,0.7335258,-0.1378381
0.2022545,0.7537517,-0.1337762
0.2090109,0.7657877,-0.1312539
0.2111405,0.7697774,-0.1302124
0.2098036,0.7637042,-0.1301187
0.2139879,0.7603263,-0.1309503
0.2249777,0.7601729,-0.1319084
0.2322743,0.7599569,-0.1329072
0.2371893,0.7551686,-0.131734
0.2405278,0.7539266,-0.1286198
0.2418185,0.7560645,-0.1278156
0.2410606,0.7562624,-0.1300306
0.241474,0.755493,-0.1323252
0.2399654,0.7569551,-0.1333818
0.2395256,0.7579609,-0.1354119
0.2388904,0.7555951,-0.1364803
0.2378656,0.7533295,-0.1367821
0.2358742,0.7558499,-0.1361499
0.2343095,0.7582386,-0.1355088
0.2337361,0.7587067,-0.1355894
0.2320482,0.7584339,-0.13636
0.2312043,0.7578117,-0.1368557
8.737928,0.7541872,0.8297333
8.737517,0.7545193,0.8295435
8.730435,0.7567893,0.8162708
8.730335,0.728911,0.7871859
8.743891,0.6766794,0.7708715
8.75164,0.6494336,0.7628973
8.757231,0.6250855,0.756203
8.759697,0.6024638,0.7511008
8.763174,0.5776484,0.7441941
8.77274,0.5598237,0.7343449
8.785346,0.5504792,0.7231854
8.799876,0.5464815,0.7116776
8.81248,0.539424,0.7018727
8.823191,0.5285758,0.693256
8.832933,0.5124545,0.6845772
8.843646,0.4978818,0.6770982
8.880259,0.4538026,0.6542646
8.915555,0.4183327,0.634418
8.944798,0.3890887,0.6205372
8.9664,0.3651209,0.6069166
8.984561,0.3380232,0.5925066
8.986681,0.3126482,0.5633352
8.996037,0.3184417,0.565071
9.000606,0.3212702,0.5563869
9.015996,0.345302,0.5675223
9.030355,0.3686238,0.5697264
9.04947,0.4003004,0.5657978
9.056177,0.412436,0.5617353
9.056177,0.412436,0.5617353
9.056177,0.412436,0.5617353
9.056177,0.412436,0.5617353
9.056177,0.412436,0.5617353
9.056177,0.412436,0.5617353
9.056177,0.412436,0.5617353
9.056177,0.412436,0.5617353
9.056177,0.412436,0.5617353
9.056177,0.412436,0.5617353
9.056177,0.412436,0.5617353
9.056177,0.412436,0.5617353
9.056177,0.412436,0.5617353
9.056177,0.412436,0.5617353
9.056177,0.412436,0.5617353
9.056177,0.412436,0.5617353
9.056177,0.412436,0.5617353
9.056177,0.412436,0.5617353
9.056177,0.412436,0.5617353
9.056177,0.412436,0.5617353
9.056177,0.412436,0.5617353
9.056177,0.412436,0.5617353
9.056177,0.412436,0.5617353
9.056177,0.412436,0.5617353
9.056177,0.412436,0.5617353
9.056177,0.412436,0.5617353
9.056177,0.412436,0.5617353
9.056177,0.412436,0.5617353
9.056177,0.412436,0.5617353
9.056177,0.412436,0.5617353
9.056177,0.412436,0.5617353
9.056177,0.412436,0.5617353
9.056177,0.412436,0.5617353
9.056177,0.412436,0.5617353
9.056177,0.412436,0.5617353
9.056177,0.412436,0.5617353
9.056177,0.412436,0.5617353
9.056177,0.412436,0.5617353
9.056177,0.412436,0.5617353
9.056177,0.412436,0.5617353
9.056177,0.412436,0.5617353
9.056177,0.412436,0.5617353
9.056177,0.412436,0.5617353
9.056177,0.412436,0.5617353
9.056177,0.412436,0.5617353
9.056177,0.412436,0.5617353
9.056177,0.412436,0.5617353
9.056177,0.412436,0.5617353
9.056177,0.412436,0.5617353
9.056177,0.412436,0.5617353
9.056177,0.412436,0.5617353
9.056177,0.412436,0.5617353
9.056177,0.412436,0.5617353
9.056177,0.412436,0.5617353
9.056177,0.412436,0.5617353
9.056177,0.412436,0.5617353
9.056177,0.412436,0.5617353
9.056177,0.412436,0.5617353
9.056177,0.412436,0.5617353
9.056177,0.412436,0.5617353
9.056177,0.412436,0.5617353
9.056177,0.412436,0.5617353
9.056177,0.412436,0.5617353
9.056177,0.412436,0.5617353
9.056177,0.412436,0.5617353
9.056177,0.412436,0.5617353
9.056177,0.412436,0.5617353
9.056177,0.412436,0.5617353
9.056177,0.412436,0.5617353
9.056177,0.412436,0.5617353
9.056177,0.412436,0.5617353
9.056177,0.412436,0.5617353
9.056177,0.412436,0.5617353
9.056177,0.412436,0.5617353
9.056177,0.412436,0.5617353
9.056177,0.412436,0.5617353
9.056177,0.412436,0.5617353
9.056177,0.412436,0.5617353
9.056177,0.412436,0.5617353
9.056177,0.412436,0.5617353
9.056177,0.412436,0.5617353
9.056177,0.412436,0.5617353
9.056177,0.412436,0.5617353
9.056177,0.412436,0.5617353
9.056177,0.412436,0.5617353
9.056177,0.412436,0.5617353
9.056177,0.412436,0.5617353
9.056177,0.412436,0.5617353
9.056177,0.412436,0.5617353
9.056177,0.412436,0.5617353
9.056177,0.412436,0.5617353
9.056177,0.412436,0.5617353
9.056177,0.412436,0.5617353
9.056177,0.412436,0.5617353
9.056177,0.412436,0.5617353
9.056177,0.412436,0.5617353
9.056177,0.412436,0.5617353
9.056177,0.412436,0.5617353
9.056177,0.412436,0.5617353
9.056177,0.412436,0.5617353
9.056177,0.412436,0.5617353
9.056177,0.412436,0.5617353
9.056177,0.412436,0.5617353
9.056177,0.412436,0.5617353
8.816315,0.6137071,0.6275391
8.800338,0.6257902,0.5791618
8.825188,0.6168283,0.5173791
8.844545,0.5985545,0.4934959
8.840958,0.5742645,0.5072918
8.826694,0.5716369,0.5174707
8.819677,0.5734292,0.5228034
8.824835,0.5712444,0.5284392
8.845659,0.5467206,0.5347853
8.873926,0.5048376,0.549848
8.916635,0.4413486,0.5752838
8.963253,0.3759652,0.5967179
9.016177,0.3713527,0.592455
9.066022,0.365936,0.5679824
9.082547,0.3748526,0.5354924
9.078054,0.402813,0.5364381
9.082417,0.3771258,0.5338608
9.121991,0.3336574,0.5327771
9.147341,0.2917605,0.5368897
9.17264,0.2698697,0.5481993
9.18464,0.2580234,0.5500635
9.185209,0.2558689,0.5407026
9.174047,0.2664098,0.54085
9.155679,0.2838491,0.5366053
9.148053,0.297425,0.5299045
9.146728,0.309295,0.5264409
9.145203,0.3149043,0.5223777
9.142957,0.3162075,0.5129365
9.134405,0.3194162,0.5071126
9.124227,0.3197614,0.5047655
9.115633,0.319594,0.5004537
9.109056,0.3186368,0.4972497
9.104626,0.3207672,0.4973563
9.094349,0.3264846,0.4983169
9.082838,0.3328296,0.4945849
9.0735,0.3413163,0.4941754
9.054876,0.3532271,0.4934515
9.02747,0.375098,0.4968027
9.010636,0.395684,0.537927
8.996566,0.4404415,0.5513959
8.978113,0.4358495,0.5429095
8.967004,0.4343392,0.5509222
8.958067,0.4352977,0.5568886
8.948801,0.4396865,0.5642722
8.94451,0.4367806,0.5701421
8.945074,0.422405,0.5765565
8.944413,0.4160038,0.578021
8.936348,0.421464,0.5794684
8.929646,0.4265221,0.5846809
8.931767,0.4264174,0.5899401
8.939416,0.4116271,0.5917315
8.952458,0.3984801,0.5867322
8.968489,0.3902639,0.5838299
8.977093,0.388,0.5776285
8.994265,0.3717999,0.5627072
9.014429,0.3854246,0.5447018
9.041994,0.3948979,0.5107988
9.046227,0.378195,0.5138686
9.040848,0.357917,0.5310929
9.047334,0.3679456,0.5436172
9.043541,0.3812512,0.5408995
9.04103,0.3961207,0.5382153
9.041017,0.3949969,0.5384683
9.039919,0.3964196,0.5366562
9.039824,0.3941373,0.5282072
9.040437,0.3911843,0.5208155
9.037509,0.393454,0.5208112
9.03264,0.3999832,0.5270298
9.023251,0.4202153,0.5372931
8.99202,0.4316312,0.5576689
8.939964,0.4742051,0.5903829
8.895527,0.5419464,0.6390619
8.865009,0.6142861,0.6925494
8.843091,0.6817024,0.7329919
8.824298,0.721593,0.7606989
8.80724,0.744314,0.7790185
8.799935,0.7508791,0.7957109
8.796269,0.7562276,0.8095866
8.79461,0.7630933,0.8243027
8.788503,0.767967,0.8369393
8.781746,0.7696224,0.850022
8.779645,0.7714308,0.8641238
8.775767,0.772652,0.8770684
8.769742,0.7744949,0.8877835
8.766132,0.7786363,0.8965552
8.762502,0.7822961,0.9024104
8.760936,0.7810686,0.9059991
8.759686,0.777196,0.9107651
8.760284,0.7720025,0.9140065
8.765238,0.7739622,0.9176126
8.765329,0.7689181,0.920328
8.763457,0.770382,0.9212402
8.758142,0.7701984,0.9219547
8.756173,0.7710443,0.9234772
8.751636,0.7684711,0.9234776
8.75332,0.7661331,0.9231974
8.753971,0.7652233,0.9267167
8.754162,0.765297,0.9267353
8.75757,0.7667626,0.9265531
8.757044,0.7667955,0.9259617
8.752614,0.7668219,0.9263847
0.2412944,0.7661924,-0.04561575
0.1767465,0.7810035,-0.02680103
0.1750321,0.7803066,-0.02610052
0.1999385,0.7843588,-0.001527473
0.2469531,0.7941723,0.01092698
0.2455483,0.816964,0.002664611
0.239782,0.8198341,0.001247123
0.2266907,0.8138958,-0.002622679
0.2177594,0.8085184,-0.006584123
0.2111267,0.8042253,-0.0104122
0.2058153,0.8005841,-0.01363333
0.2028737,0.7991362,-0.01607089
0.2004115,0.7988084,-0.01846132
0.198377,0.7985829,-0.02049993
0.1967694,0.7989767,-0.02151085
0.1946947,0.7992457,-0.02241533
0.1924512,0.7993205,-0.02380301
0.1897507,0.7989195,-0.02539986
0.1879837,0.7988992,-0.02656539
0.1867972,0.7988041,-0.02830422
0.1864499,0.7988194,-0.02971862
0.1867308,0.7991307,-0.03068988
0.1902685,0.7996958,-0.03063202
0.1920759,0.7997451,-0.03114074
0.1913444,0.7996667,-0.03231139
0.1915494,0.799275,-0.03384498
0.1925837,0.7990151,-0.03486872
0.193119,0.7992314,-0.03533919
0.1925029,0.7994412,-0.03530698
0.192231,0.7997013,-0.03466322
0.1941649,0.7998069,-0.03358337
0.1951184,0.7993649,-0.0333346
0.1948704,0.7993327,-0.03325166
0.1943109,0.7991772,-0.03252278
0.1945297,0.799032,-0.03186588
