-0.5082499,-0.4912786,0.484575,-0.5152811
-0.5082499,-0.4912786,0.484575,-0.5152811
-0.5082499,-0.4912786,0.484575,-0.5152811
-0.5082499,-0.4912786,0.484575,-0.5152811
-0.5082499,-0.4912786,0.484575,-0.5152811
-0.5082499,-0.4912786,0.484575,-0.5152811
-0.5082499,-0.4912786,0.484575,-0.5152811
-0.5082499,-0.4912786,0.484575,-0.5152811
-0.5082499,-0.4912786,0.484575,-0.5152811
-0.5082499,-0.4912786,0.484575,-0.5152811
-0.5082499,-0.4912786,0.484575,-0.5152811
-0.5082499,-0.4912786,0.484575,-0.5152811
-0.5082499,-0.4912786,0.484575,-0.5152811
-0.5082499,-0.4912786,0.484575,-0.5152811
-0.5082499,-0.4912786,0.484575,-0.5152811
-0.5082499,-0.4912786,0.484575,-0.5152811
-0.5082499,-0.4912786,0.484575,-0.5152811
-0.5082499,-0.4912786,0.484575,-0.5152811
-0.5082499,-0.4912786,0.484575,-0.5152811
-0.5082499,-0.4912786,0.484575,-0.5152811
-0.5082499,-0.4912786,0.484575,-0.5152811
-0.5082499,-0.4912786,0.484575,-0.5152811
-0.5082499,-0.4912786,0.484575,-0.5152811
-0.5082499,-0.4912786,0.484575,-0.5152811
-0.5082499,-0.4912786,0.484575,-0.5152811
-0.5082499,-0.4912786,0.484575,-0.5152811
-0.5082499,-0.4912786,0.484575,-0.5152811
-0.5082499,-0.4912786,0.484575,-0.5152811
-0.5082499,-0.4912786,0.484575,-0.5152811
-0.5082499,-0.4912786,0.484575,-0.5152811
-0.5082499,-0.4912786,0.484575,-0.5152811
-0.5082499,-0.4912786,0.484575,-0.5152811
-0.5082499,-0.4912786,0.484575,-0.5152811
-0.5082499,-0.4912786,0.484575,-0.5152811
-0.5082499,-0.4912786,0.484575,-0.5152811
-0.5082499,-0.4912786,0.484575,-0.5152811
-0.5082499,-0.4912786,0.484575,-0.5152811
-0.5082499,-0.4912786,0.484575,-0.5152811
-0.5082499,-0.4912786,0.484575,-0.5152811
-0.5082499,-0.4912786,0.484575,-0.5152811
-0.5082499,-0.4912786,0.484575,-0.5152811
-0.5082499,-0.4912786,0.484575,-0.5152811
-0.5082499,-0.4912786,0.484575,-0.5152811
-0.5082499,-0.4912786,0.484575,-0.5152811
-0.5082499,-0.4912786,0.484575,-0.5152811
-0.5082499,-0.4912786,0.484575,-0.5152811
-0.5082499,-0.4912786,0.484575,-0.5152811
-0.5082499,-0.4912786,0.484575,-0.5152811
-0.5082499,-0.4912786,0.484575,-0.5152811
-0.5082499,-0.4912786,0.484575,-0.5152811
-0.5082499,-0.4912786,0.484575,-0.5152811
-0.5082499,-0.4912786,0.484575,-0.5152811
-0.5082499,-0.4912786,0.484575,-0.5152811
-0.5082499,-0.4912786,0.484575,-0.5152811
-0.5082499,-0.4912786,0.484575,-0.5152811
-0.5082499,-0.4912786,0.484575,-0.5152811
-0.5082499,-0.4912786,0.484575,-0.5152811
-0.5082499,-0.4912786,0.484575,-0.5152811
-0.5082499,-0.4912786,0.484575,-0.5152811
-0.5082499,-0.4912786,0.484575,-0.5152811
-0.5082499,-0.4912786,0.484575,-0.5152811
-0.5082499,-0.4912786,0.484575,-0.5152811
-0.5082499,-0.4912786,0.484575,-0.5152811
-0.5082499,-0.4912786,0.484575,-0.5152811
-0.5082499,-0.4912786,0.484575,-0.5152811
-0.5082499,-0.4912786,0.484575,-0.5152811
-0.5082499,-0.4912786,0.484575,-0.5152811
-0.5082499,-0.4912786,0.484575,-0.5152811
-0.5082499,-0.4912786,0.484575,-0.5152811
-0.5082499,-0.4912786,0.484575,-0.5152811
-0.5082499,-0.4912786,0.484575,-0.5152811
-0.5082499,-0.4912786,0.484575,-0.5152811
-0.5082499,-0.4912786,0.484575,-0.5152811
-0.5082499,-0.4912786,0.484575,-0.5152811
-0.5082499,-0.4912786,0.484575,-0.5152811
-0.5082499,-0.4912786,0.484575,-0.5152811
-0.5082499,-0.4912786,0.484575,-0.5152811
-0.5082499,-0.4912786,0.484575,-0.5152811
-0.5082499,-0.4912786,0.484575,-0.5152811
-0.5082499,-0.4912786,0.484575,-0.5152811
-0.5082499,-0.4912786,0.484575,-0.5152811
-0.5082499,-0.4912786,0.484575,-0.5152811
-0.5082499,-0.4912786,0.484575,-0.5152811
-0.5082499,-0.4912786,0.484575,-0.5152811
-0.5082499,-0.4912786,0.484575,-0.5152811
-0.5082499,-0.4912786,0.484575,-0.5152811
-0.5082499,-0.4912786,0.484575,-0.5152811
-0.5082499,-0.4912786,0.484575,-0.5152811
-0.5082499,-0.4912786,0.484575,-0.5152811
-0.5082499,-0.4912786,0.484575,-0.5152811
-0.5082499,-0.4912786,0.484575,-0.5152811
-0.5082499,-0.4912786,0.484575,-0.5152811
-0.5082499,-0.4912786,0.484575,-0.5152811
-0.5082499,-0.4912786,0.484575,-0.5152811
-0.5082499,-0.4912786,0.484575,-0.5152811
-0.5082499,-0.4912786,0.484575,-0.5152811
-0.5082499,-0.4912786,0.484575,-0.5152811
-0.5082499,-0.4912786,0.484575,-0.5152811
-0.5082499,-0.4912786,0.484575,-0.5152811
-0.5082499,-0.4912786,0.484575,-0.5152811
-0.5082499,-0.4912786,0.484575,-0.5152811
-0.5082499,-0.4912786,0.484575,-0.5152811
-0.5082499,-0.4912786,0.484575,-0.5152811
-0.5082499,-0.4912786,0.484575,-0.5152811
-0.5082499,-0.4912786,0.484575,-0.5152811
-0.5082499,-0.4912786,0.484575,-0.5152811
-0.5082499,-0.4912786,0.484575,-0.5152811
-0.5082499,-0.4912786,0.484575,-0.5152811
-0.5082499,-0.4912786,0.484575,-0.5152811
-0.5082499,-0.4912786,0.484575,-0.5152811
-0.5082499,-0.4912786,0.484575,-0.5152811
-0.5082499,-0.4912786,0.484575,-0.5152811
-0.5082499,-0.4912786,0.484575,-0.5152811
-0.5082499,-0.4912786,0.484575,-0.5152811
-0.5082499,-0.4912786,0.484575,-0.5152811
-0.5082499,-0.4912786,0.484575,-0.5152811
-0.5082499,-0.4912786,0.484575,-0.5152811
-0.5082499,-0.4912786,0.484575,-0.5152811
-0.5082499,-0.4912786,0.484575,-0.5152811
-0.5082499,-0.4912786,0.484575,-0.5152811
-0.5082499,-0.4912786,0.484575,-0.5152811
-0.5082499,-0.4912786,0.484575,-0.5152811
-0.5082499,-0.4912786,0.484575,-0.5152811
-0.5082499,-0.4912786,0.484575,-0.5152811
-0.5082499,-0.4912786,0.484575,-0.5152811
-0.5082499,-0.4912786,0.484575,-0.5152811
-0.5082499,-0.4912786,0.484575,-0.5152811
-0.5082499,-0.4912786,0.484575,-0.5152811
-0.5082499,-0.4912786,0.484575,-0.5152811
-0.5082499,-0.4912786,0.484575,-0.5152811
-0.5082499,-0.4912786,0.484575,-0.5152811
-0.5082499,-0.4912786,0.484575,-0.5152811
-0.5082499,-0.4912786,0.484575,-0.5152811
-0.5082499,-0.4912786,0.484575,-0.5152811
-0.5082499,-0.4912786,0.484575,-0.5152811
-0.5082499,-0.4912786,0.484575,-0.5152811
-0.5082499,-0.4912786,0.484575,-0.5152811
-0.5082499,-0.4912786,0.484575,-0.5152811
-0.5082499,-0.4912786,0.484575,-0.5152811
-0.5082499,-0.4912786,0.484575,-0.5152811
-0.5082499,-0.4912786,0.484575,-0.5152811
-0.5082499,-0.4912786,0.484575,-0.5152811
-0.5082499,-0.4912786,0.484575,-0.5152811
-0.5082499,-0.4912786,0.484575,-0.5152811
-0.5082499,-0.4912786,0.484575,-0.5152811
-0.5082499,-0.4912786,0.484575,-0.5152811
-0.5082499,-0.4912786,0.484575,-0.5152811
-0.5082499,-0.4912786,0.484575,-0.5152811
-0.5082499,-0.4912786,0.484575,-0.5152811
-0.5082499,-0.4912786,0.484575,-0.5152811
-0.5082499,-0.4912786,0.484575,-0.5152811
-0.5082499,-0.4912786,0.484575,-0.5152811
-0.5082499,-0.4912786,0.484575,-0.5152811
-0.5082499,-0.4912786,0.484575,-0.5152811
-0.5082499,-0.4912786,0.484575,-0.5152811
-0.5082499,-0.4912786,0.484575,-0.5152811
-0.5082499,-0.4912786,0.484575,-0.5152811
-0.5082499,-0.4912786,0.484575,-0.5152811
-0.5082499,-0.4912786,0.484575,-0.5152811
-0.5082499,-0.4912786,0.484575,-0.5152811
-0.5082499,-0.4912786,0.484575,-0.5152811
-0.5082499,-0.4912786,0.484575,-0.5152811
-0.5082499,-0.4912786,0.484575,-0.5152811
-0.5082499,-0.4912786,0.484575,-0.5152811
-0.5082499,-0.4912786,0.484575,-0.5152811
-0.5082499,-0.4912786,0.484575,-0.5152811
-0.5082499,-0.4912786,0.484575,-0.5152811
-0.5082499,-0.4912786,0.484575,-0.5152811
-0.5082499,-0.4912786,0.484575,-0.5152811
-0.5082499,-0.4912786,0.484575,-0.5152811
-0.5082499,-0.4912786,0.484575,-0.5152811
-0.5082499,-0.4912786,0.484575,-0.5152811
-0.5082499,-0.4912786,0.484575,-0.5152811
-0.5082499,-0.4912786,0.484575,-0.5152811
-0.5082499,-0.4912786,0.484575,-0.5152811
-0.5082499,-0.4912786,0.484575,-0.5152811
-0.5082499,-0.4912786,0.484575,-0.5152811
-0.5082499,-0.4912786,0.484575,-0.5152811
-0.5082499,-0.4912786,0.484575,-0.5152811
-0.5082499,-0.4912786,0.484575,-0.5152811
-0.5082499,-0.4912786,0.484575,-0.5152811
-0.5082499,-0.4912786,0.484575,-0.5152811
-0.5082499,-0.4912786,0.484575,-0.5152811
-0.5082499,-0.4912786,0.484575,-0.5152811
-0.5082499,-0.4912786,0.484575,-0.5152811
-0.5082499,-0.4912786,0.484575,-0.5152811
-0.5082499,-0.4912786,0.484575,-0.5152811
-0.5082499,-0.4912786,0.484575,-0.5152811
-0.5082499,-0.4912786,0.484575,-0.5152811
-0.5082499,-0.4912786,0.484575,-0.5152811
-0.5082499,-0.4912786,0.484575,-0.5152811
-0.5082499,-0.4912786,0.484575,-0.5152811
-0.5082499,-0.4912786,0.484575,-0.5152811
-0.5082499,-0.4912786,0.484575,-0.5152811
-0.5082499,-0.4912786,0.484575,-0.5152811
-0.5082499,-0.4912786,0.484575,-0.5152811
-0.5082499,-0.4912786,0.484575,-0.5152811
-0.5082499,-0.4912786,0.484575,-0.5152811
-0.5082499,-0.4912786,0.484575,-0.5152811
-0.5082499,-0.4912786,0.484575,-0.5152811
-0.5082499,-0.4912786,0.484575,-0.5152811
-0.5082499,-0.4912786,0.484575,-0.5152811
-0.5082499,-0.4912786,0.484575,-0.5152811
-0.5082499,-0.4912786,0.484575,-0.5152811
-0.5082499,-0.4912786,0.484575,-0.5152811
-0.5082499,-0.4912786,0.484575,-0.5152811
-0.5082499,-0.4912786,0.484575,-0.5152811
-0.5082499,-0.4912786,0.484575,-0.5152811
-0.5082499,-0.4912786,0.484575,-0.5152811
-0.5082499,-0.4912786,0.484575,-0.5152811
-0.5082499,-0.4912786,0.484575,-0.5152811
-0.5082499,-0.4912786,0.484575,-0.5152811
-0.5082499,-0.4912786,0.484575,-0.5152811
-0.5082499,-0.4912786,0.484575,-0.5152811
-0.5082499,-0.4912786,0.484575,-0.5152811
-0.5082499,-0.4912786,0.484575,-0.5152811
-0.5082499,-0.4912786,0.484575,-0.5152811
-0.5082499,-0.4912786,0.484575,-0.5152811
-0.5082499,-0.4912786,0.484575,-0.5152811
-0.5082499,-0.4912786,0.484575,-0.5152811
-0.5082499,-0.4912786,0.484575,-0.5152811
-0.5082499,-0.4912786,0.484575,-0.5152811
-0.5082499,-0.4912786,0.484575,-0.5152811
-0.5082499,-0.4912786,0.484575,-0.5152811
-0.5082499,-0.4912786,0.484575,-0.5152811
-0.5082499,-0.4912786,0.484575,-0.5152811
-0.5082499,-0.4912786,0.484575,-0.5152811
-0.5082499,-0.4912786,0.484575,-0.5152811
-0.5082499,-0.4912786,0.484575,-0.5152811
-0.5082499,-0.4912786,0.484575,-0.5152811
-0.5082499,-0.4912786,0.484575,-0.5152811
-0.5082499,-0.4912786,0.484575,-0.5152811
-0.5082499,-0.4912786,0.484575,-0.5152811
-0.5082499,-0.4912786,0.484575,-0.5152811
-0.5082499,-0.4912786,0.484575,-0.5152811
-0.5082499,-0.4912786,0.484575,-0.5152811
-0.5082499,-0.4912786,0.484575,-0.5152811
-0.5082499,-0.4912786,0.484575,-0.5152811
-0.5082499,-0.4912786,0.484575,-0.5152811
-0.5082499,-0.4912786,0.484575,-0.5152811
-0.5082499,-0.4912786,0.484575,-0.5152811
-0.5082499,-0.4912786,0.484575,-0.5152811
-0.5082499,-0.4912786,0.484575,-0.5152811
-0.5082499,-0.4912786,0.484575,-0.5152811
-0.5082499,-0.4912786,0.484575,-0.5152811
-0.5082499,-0.4912786,0.484575,-0.5152811
-0.5082499,-0.4912786,0.484575,-0.5152811
-0.5082499,-0.4912786,0.484575,-0.5152811
-0.5082499,-0.4912786,0.484575,-0.5152811
-0.5082499,-0.4912786,0.484575,-0.5152811
-0.5082499,-0.4912786,0.484575,-0.5152811
-0.5082499,-0.4912786,0.484575,-0.5152811
-0.5082499,-0.4912786,0.484575,-0.5152811
-0.5082499,-0.4912786,0.484575,-0.5152811
-0.5082499,-0.4912786,0.484575,-0.5152811
-0.5082499,-0.4912786,0.484575,-0.5152811
-0.5082499,-0.4912786,0.484575,-0.5152811
-0.5082499,-0.4912786,0.484575,-0.5152811
-0.5082499,-0.4912786,0.484575,-0.5152811
-0.5082499,-0.4912786,0.484575,-0.5152811
-0.5082499,-0.4912786,0.484575,-0.5152811
-0.5082499,-0.4912786,0.484575,-0.5152811
-0.5082499,-0.4912786,0.484575,-0.5152811
-0.5082499,-0.4912786,0.484575,-0.5152811
-0.5082499,-0.4912786,0.484575,-0.5152811
-0.5082499,-0.4912786,0.484575,-0.5152811
-0.5082499,-0.4912786,0.484575,-0.5152811
-0.5082499,-0.4912786,0.484575,-0.5152811
-0.5082499,-0.4912786,0.484575,-0.5152811
-0.5082499,-0.4912786,0.484575,-0.5152811
-0.5082499,-0.4912786,0.484575,-0.5152811
-0.5082499,-0.4912786,0.484575,-0.5152811
-0.5082952,-0.4913268,0.484521,-0.5152414
-0.5085794,-0.4916924,0.4841162,-0.5149927
-0.5092444,-0.4919799,0.4836505,-0.5144983
-0.5098534,-0.4918795,0.4835554,-0.5140802
-0.5107197,-0.491662,0.4836039,-0.5133825
-0.5117819,-0.4916568,0.4833594,-0.5125591
-0.5125018,-0.4909485,0.4837895,-0.5121129
-0.5129145,-0.4892253,0.4850144,-0.5121901
-0.513379,-0.4871004,0.4860722,-0.5127468
-0.5141134,-0.4855567,0.4861647,-0.5133871
-0.5148979,-0.4849068,0.4854005,-0.513938
-0.5158784,-0.4839285,0.4848256,-0.5144192
-0.5166516,-0.4830563,0.4847197,-0.5145628
-0.518024,-0.4823149,0.4845525,-0.5140356
-0.5195094,-0.4822024,0.4844403,-0.5127462
-0.521171,-0.482657,0.4846764,-0.5104039
-0.5225775,-0.4842915,0.485157,-0.5069493
-0.5235155,-0.4867914,0.4861051,-0.5026608
-0.5239534,-0.4893942,0.4882116,-0.4976101
-0.5236208,-0.4928766,0.4900678,-0.4926742
-0.5224797,-0.4971661,0.4920731,-0.4875501
-0.5200474,-0.5027142,0.495086,-0.4813722
-0.5166512,-0.5087661,0.498581,-0.4750221
-0.5115818,-0.5173331,0.5022438,-0.4673348
-0.5066406,-0.528097,0.5030836,-0.4597131
-0.5012496,-0.5414884,0.5014732,-0.4517345
-0.4934684,-0.5591229,0.4989465,-0.4415012
-0.4850068,-0.5760633,0.4982607,-0.4297163
-0.4765207,-0.5953673,0.4966776,-0.4144605
-0.4672258,-0.615407,0.4952099,-0.3971668
-0.4577418,-0.6356596,0.4929837,-0.3786513
-0.447852,-0.6557493,0.4903083,-0.3591929
-0.4386471,-0.6738052,0.4867682,-0.3415148
-0.4293845,-0.6888216,0.4842011,-0.3266548
-0.4199885,-0.7017954,0.4826111,-0.3133364
-0.4118439,-0.7132731,0.4809391,-0.3005393
-0.4046848,-0.7253023,0.478166,-0.2855248
-0.3984045,-0.7363902,0.4753864,-0.2702062
-0.3920797,-0.7458925,0.4737574,-0.2558748
-0.3859916,-0.7542551,0.471745,-0.2440634
-0.383763,-0.7593132,0.4689934,-0.2370967
-0.3858212,-0.760307,0.4674387,-0.2336168
-0.3890544,-0.7602089,0.4659869,-0.2314641
-0.3925105,-0.7590352,0.465672,-0.2301108
-0.3954645,-0.7570205,0.4664012,-0.2302134
0.3665371,0.4046627,0.8005131,0.2471386
0.3711322,0.4078633,0.7963278,0.2485368
0.3764432,0.4123968,0.789395,0.2550986
0.3763489,0.4179195,0.7876394,0.2516527
0.3757195,0.4233615,0.7863078,0.2476289
0.3778846,0.4262098,0.7848822,0.2439439
0.3816081,0.4267631,0.7841167,0.2396035
0.3865716,0.4293308,0.7811625,0.2366914
0.3939125,0.430335,0.776949,0.2366325
0.3984283,0.4342475,0.7729919,0.2348777
0.4010231,0.4331181,0.7727004,0.2335026
0.404638,0.4278883,0.7734516,0.2344191
0.4067796,0.4286536,0.7722088,0.2334096
0.4144384,0.4244201,0.7692935,0.2372678
0.415501,0.4238649,0.7685083,0.2389401
0.4116054,0.4278372,0.7686414,0.2381738
0.4127647,0.4279281,0.7675922,0.2393851
0.4129211,0.4253193,0.769105,0.2389083
0.4144288,0.421352,0.7705002,0.2388319
0.4145422,0.422657,0.770702,0.235657
0.4150964,0.4211695,0.771705,0.2340573
0.4158381,0.4190143,0.7720055,0.2356128
0.4140139,0.4207071,0.7720343,0.2357138
0.410839,0.4244631,0.7718906,0.2350052
0.4078994,0.4262908,0.7725391,0.2346863
0.4055461,0.4264166,0.7738327,0.2342741
0.4080013,0.4264072,0.7717054,0.2370288
0.4101648,0.4260848,0.7704023,0.2381113
0.4092615,0.4269653,0.7708852,0.2365203
0.4085752,0.4291614,0.7709184,0.2336056
0.4110545,0.4253959,0.7708738,0.2362757
0.4132437,0.4215527,0.7714184,0.2375641
0.412964,0.4220356,0.771859,0.2357549
0.4128443,0.4242878,0.7713884,0.2334514
0.4127328,0.4267003,0.7712301,0.229745
0.4147252,0.4270044,0.770371,0.2284709
0.4182212,0.4145156,0.7752377,0.2286357
0.4268265,0.3855818,0.7860146,0.2265543
0.4875804,0.2317945,0.8071128,0.2389679
0.5091697,0.1575581,0.8119612,0.237993
0.5041183,0.1106116,0.8270265,0.2228388
0.488942,0.02801637,0.8455412,0.2126286
0.4864818,-0.003075808,0.8383368,0.2460031
0.4821394,-0.02897936,0.8324472,0.2715392
0.4690336,-0.05196102,0.832595,0.2899885
0.4582489,-0.05495636,0.8360271,0.2967266
0.4513726,-0.05558944,0.8378902,0.3018487
0.442305,-0.05169545,0.8424922,0.3031517
0.4355026,-0.04452106,0.8459764,0.3044329
0.4294147,-0.0349381,0.8496333,0.3041475
0.4207359,-0.0233805,0.8550737,0.3021321
0.410921,-0.005672082,0.8614147,0.2984568
0.4031981,0.01234452,0.8651928,0.2978595
0.3968109,0.03546448,0.8657623,0.3028846
0.3906184,0.05529507,0.8659754,0.3073211
0.3801566,0.07214266,0.8692839,0.3076067
0.3724093,0.08029781,0.8700182,0.3129408
0.3674066,0.08216545,0.8696077,0.3194429
0.3538115,0.07788891,0.8705258,0.3330701
0.3413657,0.0510148,0.8684536,0.3558869
0.3249746,0.03717339,0.867991,0.3736327
0.3183527,0.03579098,0.8682942,0.3787292
0.313518,0.03999412,0.8681972,0.3825451
0.3181902,0.03518449,0.8681591,0.3792322
0.3116866,0.01466443,0.8819668,0.3532294
0.2945164,0.02660908,0.9028856,0.3120097
0.3062637,0.04655856,0.8963694,0.3171071
0.3155528,0.0466456,0.8954655,0.3104713
0.321482,0.04443446,0.8978829,0.2974581
0.3294917,0.05145134,0.8935189,0.3006859
0.3335909,0.08092128,0.8833972,0.3190272
0.3365846,0.09584701,0.8757229,0.3326162
0.3333635,0.1144219,0.8775731,0.3250259
0.3170521,0.1324018,0.8957179,0.2822008
0.3283861,0.1508227,0.8946145,0.2628308
0.3293908,0.1795676,0.8960651,0.2373283
0.3302125,0.1835409,0.9003941,0.2157851
0.3300627,0.1873918,0.9023368,0.2042824
0.3358169,0.1908667,0.8975955,0.212413
0.354453,0.1824466,0.8883923,0.227674
0.3563486,0.1807911,0.8869971,0.2314441
0.3593858,0.1751971,0.8852355,0.2377101
0.3587065,0.1693767,0.8854014,0.2422924
0.3544244,0.1699107,0.8863133,0.2448725
0.3475161,0.1685189,0.8901131,0.2419355
0.3390376,0.1695898,0.8942671,0.237864
0.3336837,0.1755936,0.8951001,0.2379455
0.3330691,0.1744415,0.8951346,0.2395187
0.3318775,0.1726994,0.8957986,0.2399528
0.3312862,0.1752186,0.8960753,0.2379013
0.3332981,0.1743579,0.895286,0.2386937
0.3292993,0.1738295,0.8976727,0.2356459
0.3197541,0.1765562,0.9021389,0.2296317
0.3119314,0.1748058,0.9065821,0.2241668
0.3062049,0.1831327,0.9058331,0.2284015
0.3085119,0.184002,0.9035449,0.2336029
0.3084406,0.1824323,0.9037592,0.2340987
0.3154386,0.1817499,0.9005581,0.2376142
0.329556,0.1722288,0.8950702,0.2461294
0.3353868,0.1625859,0.8933764,0.250919
0.3344692,0.1622624,0.8932027,0.2529633
0.3298352,0.1559453,0.8979825,0.2460027
0.3336832,0.1525331,0.8962877,0.2491141
0.3347367,0.1572526,0.8951796,0.2487497
0.3313946,0.1551803,0.8978249,0.2449635
0.3302475,0.1536132,0.898506,0.2450034
0.3376077,0.1490639,0.8936852,0.2552016
0.3438766,0.1407345,0.8892879,0.2666645
0.3462658,0.122283,0.8891087,0.2731897
0.351388,0.1098921,0.8864032,0.280606
0.3537635,0.1165473,0.8862316,0.2754303
0.3558314,0.1316331,0.8863168,0.265517
0.3579826,0.1491598,0.8848957,0.2579914
0.3577738,0.159419,0.8846681,0.2528754
0.353248,0.1644574,0.886277,0.2503654
0.3573977,0.1710034,0.8815367,0.2567444
0.3499755,0.1723964,0.8848825,0.2545184
0.3485815,0.169205,0.885972,0.2547829
0.3442447,0.1666008,0.8892966,0.2507816
0.3347399,0.1635447,0.892241,0.2551631
0.33405,0.1647237,0.8935702,0.2506174
0.3048938,0.1440435,0.9117832,0.2343992
0.3209377,0.1449452,0.9049559,0.2388402
0.3207033,0.1465431,0.9052845,0.2369272
0.3159654,0.1504675,0.9069852,0.2343148
0.3153107,0.1563984,0.9061252,0.2346402
0.3148765,0.1615414,0.9054327,0.2344119
0.3155825,0.1647295,0.9044491,0.2350397
0.3173021,0.1646565,0.9035616,0.2361867
0.3159841,0.1634974,0.904754,0.2341856
0.3152486,0.1649233,0.9052839,0.2321201
0.3169289,0.1720655,0.9035363,0.2314557
0.3176172,0.175698,0.9029756,0.2299671
0.3190879,0.1756027,0.9033149,0.2266468
0.3235499,0.1747271,0.9027637,0.223167
0.3268828,0.1755313,0.9018676,0.2212946
0.3382827,0.1808673,0.8962354,0.2227423
0.3588834,0.1446389,0.8895411,0.2428971
0.3591453,0.1221889,0.888383,0.2585737
0.3605585,0.1137001,0.8823939,0.2800911
0.3572822,0.1194466,0.8750864,0.3038189
0.3603653,0.1319359,0.8657272,0.3213193
0.3642908,0.1412635,0.8621255,0.3226088
0.3691565,0.1562496,0.8593973,0.317405
0.3748507,0.1561111,0.8573639,0.3162965
0.3778902,0.1614334,0.8567149,0.3117338
0.3820938,0.1762388,0.8553365,0.3022316
0.3862282,0.1813506,0.8551445,0.2943938
0.3913414,0.164899,0.8588539,0.2864093
0.3897137,0.1487984,0.8634366,0.2836542
0.3865579,0.1532189,0.8617329,0.2907118
0.3844718,0.1551204,0.8615861,0.2928969
0.3841525,0.1621256,0.8619685,0.2883616
0.3849769,0.1836143,0.8600491,0.2799897
0.3860936,0.2154394,0.8624105,0.2465073
0.3787262,0.2704907,0.8595861,0.2109814
0.3666709,0.3157498,0.8576012,0.1742835
0.3649805,0.3376701,0.8546333,0.1495662
0.3662274,0.3612949,0.8478411,0.1284871
0.3545094,0.4347581,0.8203217,0.1112695
0.3455314,0.4837077,0.7994727,0.08647874
0.3440864,0.4981932,0.7932014,0.06511277
0.3471475,0.502668,0.7897404,0.05588865
0.3451516,0.5116867,0.784942,0.0539737
0.3480089,0.5219812,0.7767956,0.05490199
0.339927,0.5319852,0.7741388,0.04637429
0.3419682,0.5299969,0.774394,0.04975078
0.3444635,0.5293349,0.7735721,0.05230331
0.3426315,0.5326501,0.7726592,0.04342142
0.3388187,0.5379426,0.7713455,0.0290828
0.3378833,0.5344828,0.7742777,0.02563661
0.335129,0.5336822,0.7763069,0.01481679
0.3324307,0.5333377,0.7778043,0.007832736
0.3284189,0.5337803,0.7792394,-0.002378166
0.3255789,0.5383626,0.7772719,-0.00356251
0.3257306,0.5362558,0.7786206,0.008902937
0.3199106,0.5418462,0.7771178,0.01215193
0.3115965,0.5442194,0.7788489,0.01129046
0.3066584,0.5482441,0.7780073,0.009689152
0.3075627,0.5426629,0.7816041,0.004186541
0.3089849,0.5435393,0.780437,0.003378183
0.3132321,0.542451,0.7794664,0.008052647
0.3174568,0.5395526,0.7796724,0.01466817
0.318331,0.5383648,0.7801025,0.01640326
0.3165083,0.5417243,0.7785537,0.01454246
0.305712,0.5550283,0.7735954,0.005834281
0.2987455,0.5635141,0.7701629,0.007224947
0.3000889,0.5610741,0.7712195,0.01905248
0.2929795,0.5591952,0.7750999,0.02615359
0.2777142,0.5654674,0.7763215,0.0211266
0.2804297,0.5652981,0.7756001,0.01555094
0.2967864,0.5602243,0.7730674,0.02081853
0.3184532,0.5503293,0.7711201,0.03315127
0.3268614,0.5414304,0.7740047,0.03052095
0.3338467,0.5339976,0.776036,0.03407493
0.3432585,0.5282882,0.7755522,0.04005069
0.3543025,0.5228699,0.7734714,0.05309364
0.3624504,0.5171397,0.7731339,0.05882448
0.3634458,0.5170467,0.7733337,0.05024913
0.3687333,0.5135799,0.7733486,0.04694027
0.3649653,0.5202485,0.7704867,0.04992303
0.3585546,0.51957,0.7726806,0.06671134
0.3559045,0.4921157,0.7877809,0.1027391
0.3746304,0.3503234,0.8455855,0.1480229
0.3707431,0.3456874,0.8484225,0.1524109
0.3675979,0.3050379,0.8594468,0.18214
0.3753571,0.2785329,0.867125,0.1721065
0.3769952,0.270138,0.8698436,0.1681439
0.378486,0.2622713,0.8719155,0.1665099
0.3799473,0.2578806,0.8727349,0.1657453
0.3803454,0.2566372,0.873105,0.1648103
0.380384,0.2548015,0.8737805,0.1639878
0.3810742,0.2535789,0.8739311,0.1634768
0.3823569,0.2535889,0.8732795,0.1639481
0.3817255,0.2506978,0.8748142,0.1616677
0.3802528,0.2514272,0.875562,0.1599483
0.3797445,0.2526171,0.8758348,0.1577726
0.3810784,0.2534425,0.8749164,0.1583275
0.3774614,0.2552681,0.876287,0.156468
0.3713797,0.2498071,0.8815743,0.1500014
0.3721282,0.2465799,0.882929,0.1454487
0.3762822,0.2447223,0.8814214,0.1470335
0.3768779,0.2482334,0.8800095,0.148076
0.3756139,0.2533272,0.8792675,0.1470658
0.3774036,0.2590058,0.8765026,0.1490833
0.3747844,0.2570044,0.8785837,0.1468887
0.3683219,0.2538605,0.883172,0.1410713
0.3652558,0.2536905,0.8852588,0.136185
0.3687152,0.2541173,0.8841237,0.1334121
0.3721838,0.2569711,0.8817891,0.1337651
0.3730061,0.2606986,0.880278,0.1342143
0.3723423,0.2652957,0.8795422,0.1318526
0.3749582,0.2681772,0.8773807,0.1330052
0.3764945,0.2742991,0.8748443,0.1328889
0.3923807,0.2868935,0.8623595,0.1416532
0.4193851,0.3147592,0.8397198,0.1411151
0.4783729,0.3454977,0.799421,0.11277
0.5379454,0.3716839,0.749679,0.1022122
0.5548119,0.3942919,0.7263377,0.09566242
0.5570573,0.4247676,0.7066453,0.09956032
0.5545479,0.4531881,0.6883298,0.1153234
0.5477511,0.4835247,0.6709545,0.1264621
0.5336246,0.5120836,0.6600104,0.1319152
0.5274785,0.5521859,0.6309362,0.1370285
0.5355995,0.5670566,0.604297,0.1624966
0.5434389,0.5636632,0.5927333,0.1887461
0.5545149,0.5519005,0.5897954,0.2001516
0.5622841,0.5445988,0.5853181,0.2113092
0.5592811,0.5620021,0.5689486,0.2183023
0.5665765,0.5646014,0.5575706,0.2221069
0.5815608,0.5608524,0.5507311,0.2095882
0.5995202,0.5581693,0.538054,0.1987978
0.6082906,0.5604075,0.5316852,0.18231
0.6085434,0.5667123,0.5262487,0.1776923
0.6114702,0.5663236,0.5216718,0.1823197
0.6058144,0.5647826,0.529017,0.1847989
0.5941885,0.5675347,0.537816,0.1886751
0.5800519,0.5682425,0.5480196,0.2007859
0.5569403,0.5737138,0.5578002,0.222551
0.5425678,0.57609,0.5679719,0.2261604
0.5305077,0.5844852,0.5714328,0.2245068
0.5251851,0.587249,0.5706598,0.2316608
0.5210699,0.5876541,0.5721895,0.2361101
0.5208551,0.587913,0.5712345,0.2382424
0.5249441,0.5882856,0.566891,0.2387222
0.5277664,0.5858091,0.5682505,0.2353334
0.5292425,0.5857835,0.56788,0.2329647
0.5293692,0.5878224,0.5661851,0.231663
0.5321581,0.5892761,0.562009,0.2317487
0.536501,0.5888435,0.5584414,0.2314589
0.537329,0.5870813,0.5603676,0.2293502
0.5340581,0.5889446,0.5614964,0.2294516
0.5315042,0.5893554,0.562394,0.2321136
0.5303985,0.5868191,0.5647699,0.2352781
0.5290922,0.5876158,0.5654003,0.2347165
0.5291664,0.5886744,0.5635886,0.2362484
0.5298927,0.590372,0.5617777,0.2346921
0.5333559,0.5885692,0.5602496,0.2350284
0.5348375,0.5888099,0.5603102,0.2308773
0.5368002,0.5882802,0.5600365,0.2283223
0.5369046,0.5897485,0.5601798,0.2238948
0.5382355,0.5901012,0.5594035,0.2217001
0.5395567,0.5889094,0.5596521,0.2210291
0.5404912,0.5875201,0.5618259,0.2168899
0.5426455,0.5829774,0.564639,0.2164627
0.5440791,0.5828784,0.5639344,0.2149624
0.5467915,0.5829939,0.5625619,0.2113331
0.5493559,0.5851302,0.5583232,0.2100148
0.5505505,0.5839525,0.5582191,0.2104403
0.5516026,0.5768698,0.5640582,0.2116462
0.5498112,0.5737047,0.5683543,0.2134106
0.5474647,0.5699798,0.5729584,0.2170815
0.5453115,0.5662798,0.5786657,0.2170455
0.545231,0.56883,0.578505,0.210921
0.5444826,0.5706364,0.57937,0.2055318
0.5442286,0.5742887,0.5749824,0.2083338
0.542412,0.5748209,0.5753402,0.2106036
0.5422492,0.5745728,0.5770766,0.206917
0.5423288,0.5738734,0.5788999,0.2035286
0.541194,0.5750937,0.5798319,0.200428
0.5400175,0.5752597,0.5803165,0.2017181
0.5405748,0.575285,0.5787482,0.2046383
0.5406108,0.5785642,0.5759708,0.2031281
0.5409995,0.5790969,0.5755556,0.2017474
0.5413904,0.5778087,0.5763648,0.2020821
0.5417266,0.5779757,0.5755846,0.2029258
0.5410191,0.5782033,0.5761194,0.2026471
0.5392609,0.5752616,0.5788789,0.2077765
0.5332122,0.5684837,0.5899937,0.2107572
0.5268515,0.5568136,0.6095351,0.2021217
0.5135598,0.5252912,0.6484754,0.1995127
0.500355,0.4973541,0.6755256,0.2143571
0.4817086,0.4983851,0.6851862,0.2238059
0.4498123,0.4855,0.7063313,0.2511075
0.3930398,0.4659015,0.7495524,0.2581218
0.3447869,0.4502972,0.7797246,0.2653
0.3060275,0.4312536,0.7991157,0.2859751
0.2601189,0.4148479,0.8165311,0.3058045
0.2136666,0.3801169,0.835316,0.334821
0.1571629,0.345266,0.8562387,0.3506372
0.1191515,0.3139027,0.8664225,0.3695674
0.07092625,0.3130431,0.868252,0.3783013
0.0450187,0.2937278,0.8731759,0.3863435
0.03200333,0.2800677,0.8784418,0.3858469
0.03403462,0.2336025,0.9030591,0.3588255
0.05803155,0.07647156,0.9477981,0.3040778
-0.05303305,0.1746563,-0.9537895,-0.2386808
-0.02138802,0.446451,-0.873933,-0.1909588
-0.005275398,0.6312679,-0.7671557,-0.1137776
-0.001974672,0.6939985,-0.712121,-0.1060469
-0.07359594,0.7375035,-0.6600945,-0.1222606
-0.177943,0.7696575,-0.5924516,-0.1580032
-0.2678931,0.7544392,-0.5626411,-0.206131
-0.3419912,0.7151089,-0.5624579,-0.2351654
-0.3801417,0.7106398,-0.5301544,-0.263476
-0.4192743,0.700919,-0.5018317,-0.2847574
-0.4358461,0.6944303,-0.4858045,-0.3029831
-0.4487256,0.6915033,-0.4611317,-0.3283689
-0.4693994,0.6839603,-0.4455734,-0.3366407
-0.491147,0.6880746,-0.4202242,-0.3297571
-0.4988749,0.7066275,-0.368459,-0.3406455
-0.4900224,0.7051207,-0.3555203,-0.3691722
-0.4884676,0.6959694,-0.3475633,-0.3952543
-0.4953221,0.7013781,-0.3150182,-0.4043369
-0.5107799,0.7039413,-0.2989457,-0.3926854
-0.5173385,0.6990108,-0.3083935,-0.3855363
-0.5153614,0.6915579,-0.3188493,-0.3930464
-0.5074577,0.6932956,-0.3078859,-0.4086984
-0.5008636,0.7034647,-0.2798769,-0.4194544
-0.4897809,0.6973108,-0.3006426,-0.4283532
-0.4719625,0.6928278,-0.328618,-0.4350303
-0.4602507,0.6838706,-0.3532346,-0.4423977
-0.4629559,0.6818628,-0.3580224,-0.4388111
-0.4446922,0.6772864,-0.3750714,-0.4503927
-0.4345611,0.6668287,-0.3974804,-0.4566243
-0.4260863,0.6657166,-0.3943386,-0.4687954
-0.4157643,0.6811891,-0.3765408,-0.4704666
-0.4070389,0.6703317,-0.3967741,-0.477017
-0.3977531,0.6586301,-0.4118312,-0.488256
-0.3870754,0.6515646,-0.4210625,-0.4983401
-0.3836282,0.6471179,-0.4250861,-0.5033584
-0.3874302,0.6444498,-0.4295462,-0.5000725
-0.3825723,0.636252,-0.4394979,-0.5056317
-0.3713418,0.6339777,-0.4412727,-0.5152243
-0.3718724,0.6341286,-0.43857,-0.5169606
-0.3793199,0.6347291,-0.4301513,-0.5178855
-0.3774196,0.6353133,-0.424983,-0.5228011
-0.3824205,0.6313879,-0.4277219,-0.5216875
-0.3823029,0.6246602,-0.4356706,-0.5232929
-0.3697382,0.6385173,-0.42067,-0.5278504
-0.3771438,0.6327399,-0.4225218,-0.5280892
-0.3890235,0.624433,-0.4333605,-0.5205217
-0.3942649,0.6257169,-0.4391618,-0.5100691
-0.3921729,0.6318316,-0.4387036,-0.5045081
-0.3862788,0.6390435,-0.4281898,-0.508985
-0.3832361,0.6387553,-0.4249027,-0.5143729
-0.3768051,0.6439952,-0.417232,-0.5188503
-0.3831152,0.6387637,-0.4277032,-0.5121269
-0.3800701,0.6321943,-0.4317651,-0.5190915
-0.3979878,0.6262712,-0.4334254,-0.5114024
-0.4168484,0.6279876,-0.433337,-0.4940527
-0.4237478,0.6254656,-0.4533072,-0.4730151
-0.4058147,0.6322109,-0.4543009,-0.4787844
-0.3887801,0.6446297,-0.4743659,-0.4563766
-0.3388342,0.6306547,-0.5497397,-0.4304094
-0.2298464,0.5126467,-0.7284494,-0.3920786
-0.07380351,0.3211658,-0.8809333,-0.3396497
0.107741,0.04851094,-0.9544969,-0.2738145
-0.2499848,0.1581763,0.9323112,0.2080474
-0.3355878,0.2925111,0.8674511,0.2221418
-0.3990723,0.4158075,0.7824006,0.2359976
-0.4104604,0.4670236,0.7376896,0.2631074
-0.3873788,0.4727065,0.7312027,0.3030328
-0.3683541,0.4651644,0.7282047,0.3430093
-0.3807374,0.454692,0.7153162,0.3696173
-0.4050055,0.4265094,0.7006972,0.4038363
-0.4404146,0.4326548,0.66493,0.4203724
-0.4687643,0.4189278,0.6499497,0.4269953
-0.4902825,0.4076914,0.6355168,0.4353496
-0.4939774,0.3984172,0.6274092,0.4512293
-0.491706,0.3959087,0.6122534,0.476054
-0.4939021,0.4052882,0.5991534,0.4825117
-0.5015396,0.421419,0.5887704,0.4735118
-0.514733,0.4469887,0.5727593,0.4551901
-0.5231665,0.470412,0.5555631,0.4431242
-0.5195211,0.4862743,0.5402021,0.4492402
-0.5197655,0.4932129,0.5298728,0.4536736
-0.5243065,0.492477,0.5297103,0.4494176
-0.5275809,0.4869837,0.5320834,0.4487682
-0.5227584,0.4819389,0.5377829,0.4530435
-0.5199634,0.4766202,0.5390193,0.4603581
-0.5151792,0.4790555,0.5306208,0.472798
-0.5162901,0.4788693,0.5337334,0.4682494
-0.5153519,0.4794902,0.5408482,0.4604183
-0.5128197,0.4839357,0.5404591,0.4590493
-0.5112911,0.4833015,0.5415587,0.4601253
-0.5181135,0.4837447,0.5399916,0.4538266
-0.5254892,0.4767842,0.545374,0.4462122
-0.5294825,0.4875633,0.5345812,0.442892
-0.522312,0.4911544,0.5325913,0.4497823
-0.5143178,0.4858958,0.5364909,0.4599566
-0.5179354,0.4773949,0.5440242,0.4559328
-0.5252231,0.4837635,0.5474457,0.4363678
-0.5155267,0.488449,0.5527529,0.4360209
-0.4985853,0.4745304,0.5693602,0.4495138
-0.4956228,0.4725481,0.5706236,0.4532606
-0.4982338,0.4682767,0.5658877,0.4607072
-0.4914466,0.4684535,0.563816,0.4702588
-0.4769837,0.4581405,0.5711019,0.4862474
-0.4684408,0.443795,0.5819305,0.4949407
-0.4654658,0.4414977,0.5821221,0.4995552
-0.4760827,0.4257733,0.5867262,0.49781
-0.4879592,0.4072266,0.5940144,0.4931626
-0.5015329,0.4158021,0.5926023,0.4737048
-0.5273104,0.3986734,0.6304049,0.4069311
-0.5408051,0.3795563,0.6650702,0.3480641
-0.5306412,0.3588623,0.6803081,0.3561161
-0.5238323,0.3456803,0.6694344,0.3974449
-0.5271428,0.3509427,0.6606224,0.4031597
-0.5260179,0.3453904,0.6657864,0.4009229
-0.5033843,0.3357264,0.6731883,0.4250994
-0.4851491,0.3393239,0.6844016,0.4255399
-0.4502932,0.3198826,0.7276301,0.4067746
-0.3997556,0.3011549,0.7690021,0.3976646
-0.3412077,0.2488749,0.817953,0.3906298
-0.2987538,0.1734654,0.8568724,0.3826559
-0.2797607,0.1227566,0.8752605,0.374945
-0.2720874,0.09473632,0.8823891,0.3719988
-0.2797902,0.09627461,0.8779501,0.3763673
-0.2815948,0.07202139,0.88173,0.3715771
-0.2745747,0.04830773,0.8735303,0.3990237
-0.2535886,0.002571076,0.8712618,0.420225
-0.2388372,-0.0190257,0.881556,0.40676
-0.2314886,-0.01249135,0.8849187,0.4039506
-0.2293096,-0.00863611,0.8848341,0.4054764
-0.2317932,-0.01160521,0.8939286,0.3834434
-0.2323149,-0.01743563,0.9028903,0.3612686
-0.2337011,-0.02074195,0.90745,0.3485517
-0.224772,-0.03670776,0.9088061,0.3495736
-0.2120771,-0.04411023,0.89407,0.3920666
-0.1846029,-0.08754249,0.8847911,0.4188114
-0.1633404,-0.1411985,0.8724713,0.4383796
-0.1371954,-0.1709342,0.8697788,0.4420906
0.1210043,0.1910699,-0.8723882,-0.4333466
0.1088223,0.2109559,-0.8719054,-0.428295
0.09891015,0.2320119,-0.8738418,-0.4156775
0.08697516,0.2621377,-0.8800191,-0.386375
0.07407279,0.3010746,-0.8869145,-0.3424181
0.04813196,0.3311066,-0.8905745,-0.3081053
0.02100706,0.3614097,-0.8891197,-0.2800146
0.005539685,0.3900267,-0.8798322,-0.2715583
0.002354383,0.3976903,-0.8771879,-0.2690324
-0.009281486,0.4207013,-0.8666146,-0.2681486
-0.01883212,0.4339661,-0.8597007,-0.268763
-0.03675011,0.4470208,-0.8526438,-0.2679938
-0.0481417,0.455664,-0.8488241,-0.2637242
-0.04675066,0.4501207,-0.8505518,-0.2678944
-0.03526041,0.4261056,-0.8604999,-0.2770036
-0.03558993,0.393992,-0.8770114,-0.2726802
-0.03582086,0.3602223,-0.8935095,-0.2657021
-0.05945873,0.2972016,-0.922972,-0.2371893
-0.1075915,0.224933,-0.9518054,-0.1785942
-0.102146,0.1566566,-0.9694706,-0.1585939
-0.001409233,0.1271749,-0.9682529,-0.2151999
0.1205735,0.1293775,-0.9469011,-0.2685181
0.1907907,0.1616625,-0.9205175,-0.3001864
0.2574333,0.1856921,-0.8831782,-0.3453156
0.286063,0.2229091,-0.8462017,-0.3904132
0.2955328,0.2624319,-0.8163648,-0.4211159
0.2906649,0.2631387,-0.8197826,-0.4174072
0.2832861,0.2563982,-0.8282282,-0.4099357
0.2730566,0.2497538,-0.8375818,-0.4018959
0.2591583,0.2398131,-0.8486167,-0.3939245
0.2493849,0.2310836,-0.8569862,-0.3872755
0.2479702,0.2276539,-0.8593587,-0.3849511
0.2459115,0.2221186,-0.8646346,-0.3776216
0.2410713,0.2117177,-0.8710677,-0.371889
0.2271354,0.2065172,-0.8814399,-0.358921
0.2083482,0.1887974,-0.9016578,-0.3285725
0.2082274,0.1370629,-0.9232074,-0.2924775
0.2079563,0.0779715,-0.9385433,-0.2642182
0.2679596,0.0148672,-0.9280375,-0.258308
0.2775793,0.01672751,-0.9249839,-0.258988
0.2926151,0.0276214,-0.9110016,-0.2892914
0.3009618,0.04485859,-0.8987755,-0.3156146
0.3201575,0.04943599,-0.8785062,-0.3511155
0.32376,0.06426437,-0.8694251,-0.367627
0.3167025,0.07566307,-0.8679189,-0.3750888
0.3098656,0.0871553,-0.8758473,-0.359554
0.2981392,0.09943725,-0.8842888,-0.3453383
0.2935373,0.09987111,-0.8883897,-0.3385637
0.289505,0.1047246,-0.8887358,-0.3396592
0.298377,0.1007884,-0.884007,-0.3454629
0.3054547,0.1039317,-0.8820339,-0.343383
0.3034656,0.1013752,-0.8818777,-0.3462994
0.3196219,0.08134954,-0.8786681,-0.3452054
0.3394839,0.0591131,-0.8719043,-0.3479074
0.3480652,0.04875064,-0.8660654,-0.3555346
0.3371874,0.05027221,-0.8644907,-0.3693686
0.3274504,0.04517795,-0.8593411,-0.3902154
0.3274902,0.03331085,-0.8456205,-0.4201984
0.3263749,0.02869122,-0.8334992,-0.4448993
0.3097764,0.03084892,-0.8269934,-0.4681547
0.2983276,0.02470547,-0.8179317,-0.4913026
0.2875725,0.01133409,-0.8127955,-0.5064949
0.2907536,-0.02137282,-0.8046626,-0.5172269
0.2937171,-0.03982572,-0.8058947,-0.5125212
0.3088661,-0.0525219,-0.796234,-0.517547
0.3557238,-0.06528266,-0.7616506,-0.5376682
0.3955044,-0.07571363,-0.72034,-0.5647604
0.4441059,-0.09609571,-0.675575,-0.5806324
-0.47461,0.1188289,0.6574772,0.5730173
-0.4853154,0.1285885,0.6674877,0.549904
-0.4577323,0.1378014,0.6968144,0.5347351
-0.4362614,0.1579892,0.6990948,0.5440421
0.4166764,-0.1576261,-0.6982129,-0.560387
0.4372574,-0.1416187,-0.6761764,-0.5757912
-0.5417583,0.1382408,0.6073075,0.5644158
-0.6629808,0.1616206,0.5158971,0.5178664
-0.6196009,0.1675901,0.5434311,0.5410092
-0.5266899,0.1631533,0.5815387,0.5981569
0.4378471,-0.1709086,-0.6053987,-0.6423184
0.3719907,-0.1645952,-0.6474597,-0.6444589
0.3838739,-0.1658399,-0.646455,-0.6381489
0.3838739,-0.1658399,-0.646455,-0.6381489
0.3838739,-0.1658399,-0.646455,-0.6381489
0.3838739,-0.1658399,-0.646455,-0.6381489
0.3838739,-0.1658399,-0.646455,-0.6381489
0.3838739,-0.1658399,-0.646455,-0.6381489
0.3838739,-0.1658399,-0.646455,-0.6381489
0.3838739,-0.1658399,-0.646455,-0.6381489
0.3838739,-0.1658399,-0.646455,-0.6381489
0.3838739,-0.1658399,-0.646455,-0.6381489
0.3838739,-0.1658399,-0.646455,-0.6381489
-0.7670727,0.1629663,0.111389,0.6104378
-0.8094913,0.1581776,0.0526666,0.5629655
-0.8180507,0.1829961,-0.001922369,0.5452541
-0.8263625,0.179855,-0.01943439,0.5332914
-0.82972,0.177017,-0.02084273,0.528957
-0.82805,0.1780842,-0.00233224,0.5316142
-0.8259093,0.1858848,0.02763498,0.5315611
-0.8170694,0.1890951,0.06116492,0.5412021
-0.8180965,0.2016585,0.07391,0.5334692
-0.8244618,0.212625,0.08766061,0.5170774
-0.8287573,0.2180934,0.1063085,0.5042771
-0.8180459,0.2213361,0.1613528,0.5057436
-0.7979094,0.249414,0.2343664,0.4961911
-0.7843428,0.2930238,0.3009537,0.4564761
-0.7471761,0.3129092,0.3683246,0.4562377
-0.7172673,0.3072246,0.4212802,0.4622378
-0.6857131,0.2958797,0.4747688,0.4656689
-0.659551,0.2674672,0.5195453,0.4727861
-0.6418479,0.2060621,0.559794,0.4818719
-0.6179291,0.1729268,0.5890107,0.49125
-0.6124321,0.1733761,0.5955527,0.4900864
-0.6171299,0.1769377,0.5940474,0.4847181
-0.6221046,0.1744627,0.5832825,0.4922707
-0.6289009,0.1612026,0.5739166,0.4991166
-0.6342117,0.149721,0.5627165,0.5086351
-0.6374493,0.1518738,0.5495972,0.5182044
-0.6242499,0.1601511,0.5585108,0.5222352
-0.6135435,0.1579734,0.576873,0.5155838
-0.6023795,0.177841,0.5826228,0.5158124
-0.5888408,0.1848501,0.5989826,0.5102125
-0.5683404,0.201001,0.6143281,0.509106
-0.5554476,0.2103161,0.6252744,0.5062383
-0.5422276,0.2175355,0.6257663,0.5168019
-0.5294575,0.2194762,0.6187024,0.5373197
-0.5089005,0.2318809,0.595385,0.5768608
-0.5113819,0.2521842,0.5741444,0.5875798
-0.5163096,0.268554,0.5686078,0.5813678
-0.5286291,0.2742402,0.5574099,0.5784791
-0.5465646,0.2966388,0.5222397,0.5835568
-0.5431185,0.318395,0.5057922,0.5897639
-0.5382807,0.3427325,0.494822,0.5898642
-0.5342917,0.3500783,0.507822,0.5780091
-0.5321305,0.3490609,0.5224249,0.5675086
-0.5279577,0.3492202,0.5301774,0.5641081
-0.5390856,0.3458911,0.5116008,0.5727223
-0.5138154,0.3013729,0.526886,0.6062668
0.4275863,-0.1178577,-0.5980709,-0.6675259
0.284472,0.06643228,-0.5842111,-0.7572054
0.2140413,0.2021749,-0.5034752,-0.8122959
0.1364784,0.3280462,-0.4301045,-0.8299215
0.04320666,0.4212931,-0.3913415,-0.8170051
-0.06353161,0.4876646,-0.360764,-0.7924623
-0.1085995,0.5278406,-0.3376185,-0.771754
-0.1386884,0.5576684,-0.3508777,-0.7393622
-0.1857951,0.5844318,-0.3553286,-0.7054513
-0.2177442,0.6013935,-0.3559068,-0.6813544
-0.2495895,0.6163418,-0.3672144,-0.6503704
-0.2753498,0.6133935,-0.3632406,-0.6449709
-0.3292164,0.6072966,-0.363596,-0.6249844
-0.3666741,0.5986066,-0.3782101,-0.6034713
-0.3800179,0.594065,-0.381993,-0.5972894
-0.3889295,0.5930203,-0.3702164,-0.6000006
-0.3888411,0.5940393,-0.3605021,-0.6049449
-0.3877118,0.5938195,-0.3589751,-0.6067908
-0.3894927,0.5935949,-0.3707997,-0.5987055
-0.3778511,0.5852944,-0.3809342,-0.6079048
-0.3889366,0.5753673,-0.3867684,-0.6067051
-0.4026765,0.5702291,-0.3962601,-0.5963794
-0.4076748,0.5715508,-0.4032557,-0.5869548
-0.3961611,0.5721759,-0.4126728,-0.5876841
-0.3748046,0.5757812,-0.4127053,-0.5980569
-0.3635074,0.5789691,-0.4107482,-0.603277
-0.3562298,0.5846056,-0.4184694,-0.5968417
-0.3350018,0.5843661,-0.4135543,-0.6125872
-0.3010045,0.5749546,-0.4214958,-0.633376
-0.1617625,0.5402312,-0.4406183,-0.6984546
0.08931835,0.372125,-0.4809939,-0.7887905
0.2812461,0.1407399,-0.5348136,-0.7842624
0.413568,-0.05991764,-0.5742016,-0.7040341
-0.4853842,0.2029322,0.5831023,0.6190417
-0.5388251,0.2738591,0.5288652,0.595794
-0.5681328,0.323209,0.4777473,0.5869573
-0.5617989,0.3317936,0.4675378,0.5964089
-0.5500268,0.3372451,0.4654347,0.6058935
-0.6548635,0.3753252,0.4559149,0.4716213
-0.7005968,0.3847013,0.4643691,0.381485
-0.7272556,0.3956782,0.4462522,0.3397016
-0.7270586,0.4165411,0.4247842,0.3426922
-0.7253795,0.4200776,0.4104752,0.3589844
-0.739304,0.4133538,0.3931411,0.3577829
-0.7273924,0.4029944,0.428165,0.3537944
-0.7036068,0.3923804,0.47359,0.3559322
-0.6702935,0.3970328,0.5085756,0.3666369
-0.6219015,0.4161838,0.5379063,0.3881838
-0.5759616,0.4324422,0.5464782,0.4273451
-0.5567235,0.4105023,0.5645639,0.4503496
-0.5245357,0.4046684,0.5732096,0.4822206
-0.5150513,0.4128875,0.5598894,0.5007696
-0.5317038,0.4125448,0.5453321,0.4997109
-0.5660068,0.3970459,0.550212,0.4682498
-0.5683078,0.3772039,0.5611395,0.468899
-0.5578957,0.3740687,0.5633177,0.4811428
-0.5588464,0.3639777,0.5678105,0.4824961
-0.5587806,0.3706033,0.5722333,0.4721936
-0.5398961,0.3587756,0.5959163,0.4740003
-0.5245326,0.3358368,0.6186115,0.4789565
-0.5284839,0.3375549,0.6134025,0.480103
-0.5046448,0.3332475,0.6171676,0.5033728
-0.4686289,0.2998267,0.6310591,0.5406067
-0.4336596,0.2706003,0.6357175,0.5784276
-0.4228685,0.2459697,0.6402286,0.5922741
-0.4171523,0.2183949,0.64788,0.5987814
-0.4037543,0.1921422,0.6560612,0.6079864
-0.3845505,0.1706412,0.6667455,0.6151853
-0.3651704,0.1507244,0.6741654,0.6240465
-0.346747,0.1256385,0.6883076,0.6246712
-0.3300484,0.1042992,0.6950564,0.630148
-0.311122,0.08867566,0.696462,0.6405315
-0.2880673,0.0683214,0.6978666,0.6521745
-0.2741178,0.05045928,0.6870019,0.6710752
-0.27484,0.03558042,0.6785992,0.6802207
-0.2619219,0.02098405,0.6805321,0.683983
-0.2534204,-0.003277972,0.6922401,0.6757006
-0.2496464,-0.01707128,0.6949503,0.6741139
-0.256387,-0.03032468,0.6894819,0.676728
-0.277719,-0.05472347,0.6881639,0.6680627
-0.3143333,-0.09960358,0.6748008,0.6602406
-0.3342263,-0.1541721,0.6511993,0.6636742
-0.339843,-0.2028153,0.6399515,0.6586617
-0.3371123,-0.2112604,0.6299767,0.6669737
-0.3289762,-0.2000581,0.6312675,0.6732406
-0.3002822,-0.1786496,0.6389269,0.6853376
-0.2654081,-0.1523535,0.6523339,0.693403
0.755268,0.3035733,-0.2559066,0.5214647
0.7546672,0.2910184,-0.2760127,0.5192329
0.7694991,0.2662383,-0.2940928,0.5004976
0.7999271,0.2472113,-0.284362,0.4670562
0.8284015,0.2700749,-0.2268331,0.435152
0.8299665,0.2568125,-0.2212291,0.4430134
0.8148936,0.2446831,-0.2272085,0.473767
0.8078729,0.2396524,-0.2233472,0.4899228
0.7972354,0.2337342,-0.2249326,0.5091065
0.7874619,0.2227808,-0.2314363,0.5260319
0.7794506,0.2075676,-0.2498132,0.5356923
0.7763872,0.1925114,-0.2739074,0.5339822
0.7566389,0.1753519,-0.3306291,0.5361283
0.7343298,0.1896018,-0.3586394,0.5442321
0.704114,0.2198226,-0.3790298,0.5587826
0.6771202,0.2470999,-0.3989992,0.5667889
0.6483384,0.2744188,-0.4291918,0.5658146
0.6163393,0.3148103,-0.4394898,0.5725987
0.6203384,0.3717609,-0.4106593,0.5552775
0.6145477,0.3945141,-0.4037538,0.5510651
0.5982171,0.4109237,-0.4104414,0.5521015
0.5855177,0.4219561,-0.422146,0.5485572
0.5746481,0.4292135,-0.4437143,0.5372831
0.5771846,0.4679858,-0.4283345,0.5141761
0.5748507,0.492219,-0.4184321,0.5021773
0.5676377,0.5023603,-0.4201978,0.4988541
0.562225,0.4963841,-0.4313959,0.5014017
0.5671574,0.5070406,-0.4199025,0.4948982
0.560342,0.5064222,-0.4271687,0.4970716
0.5637153,0.4987639,-0.432769,0.4961561
0.5586047,0.5155082,-0.4240945,0.4922965
0.5481967,0.5242773,-0.424865,0.4940684
0.5440202,0.5263509,-0.4281617,0.4936338
0.5478707,0.5244539,-0.4322247,0.4878193
0.554603,0.5187356,-0.436359,0.4826176
0.5568845,0.5155471,-0.4394078,0.4806368
0.5528924,0.5052204,-0.4509531,0.4854935
0.5491045,0.4950438,-0.4565371,0.4949648
0.5401173,0.4886018,-0.4632929,0.5048778
0.5379235,0.4810003,-0.4667843,0.5112627
0.5410183,0.4760119,-0.4682637,0.5113131
0.5426219,0.4690633,-0.4742168,0.5105484
0.5401711,0.4663784,-0.4747072,0.5151308
0.5394174,0.4638759,-0.4749168,0.5179788
0.5388873,0.4587225,-0.4779778,0.5202994
0.5414081,0.4469205,-0.4858264,0.5206844
0.5434737,0.4360219,-0.4994808,0.5148205
0.5646194,0.4359686,-0.4939756,0.4971162
0.5592416,0.4252604,-0.5010788,0.5052944
0.554307,0.4194041,-0.5096706,0.5070304
0.5507537,0.4219144,-0.5136142,0.504836
0.548244,0.4204245,-0.5146445,0.5077528
0.5567945,0.4204441,-0.5095559,0.5035469
0.5613313,0.4232273,-0.5061222,0.4996261
0.5572104,0.4256171,-0.5061707,0.5021532
0.5547072,0.4227252,-0.5055104,0.5079988
0.5595981,0.4227447,-0.5025724,0.5055274
0.561601,0.4139456,-0.5042388,0.5089171
0.5598167,0.4114541,-0.5021625,0.5149212
0.5498911,0.4017458,-0.5104734,0.5250116
0.5357891,0.4001566,-0.5100708,0.5409555
0.524833,0.3989744,-0.5019051,0.559876
0.5252926,0.4031595,-0.4904288,0.5665772
0.530162,0.397155,-0.4946887,0.562565
0.5362796,0.3989491,-0.505908,0.5452532
0.5431243,0.391997,-0.5196103,0.5304334
0.5493679,0.4004864,-0.5140874,0.5229912
0.5478817,0.4074052,-0.5086991,0.5244731
0.5420858,0.4288328,-0.4829056,0.5376317
0.5331948,0.470504,-0.4519002,0.5386237
0.5249189,0.4914715,-0.439446,0.5383337
0.5204266,0.496785,-0.4419246,0.5357829
0.5202217,0.508152,-0.44137,0.5256836
0.5218448,0.5095569,-0.4421492,0.5220478
0.5183542,0.5043707,-0.4438643,0.5290592
0.5159986,0.4981693,-0.4508808,0.5312995
0.5159596,0.5012185,-0.4532013,0.5264735
0.5244805,0.499409,-0.4528103,0.5200707
0.5314564,0.4987072,-0.4528257,0.513609
0.5290382,0.4949523,-0.4606054,0.5128192
0.5295933,0.4977128,-0.4641154,0.5063691
0.525843,0.5008008,-0.4650567,0.5063694
0.5220207,0.5056501,-0.4653445,0.5052395
0.523464,0.5080812,-0.459796,0.5063857
0.5210836,0.5095591,-0.4606974,0.5065365
0.5200855,0.5092629,-0.4629117,0.505841
0.5180453,0.5067688,-0.4661567,0.5074567
0.5177179,0.5003512,-0.4715346,0.5091877
0.5139242,0.4950734,-0.4754398,0.51453
0.5102769,0.4921395,-0.4781792,0.5184216
0.5089981,0.4856164,-0.4834972,0.5208917
0.5135618,0.4790921,-0.4831766,0.522748
0.5140578,0.4734667,-0.4823953,0.5280803
0.5137507,0.4700588,-0.4829815,0.5308802
0.5137,0.4659112,-0.4865295,0.5313457
0.5152278,0.462457,-0.4891198,0.5305052
0.5183519,0.4600204,-0.4920257,0.5268807
0.523656,0.4589622,-0.4944644,0.5202338
0.5200126,0.4566777,-0.4988241,0.5217347
0.5194821,0.453705,-0.5070054,0.5169486
0.5234526,0.4507574,-0.5143566,0.5081856
0.5201426,0.4587391,-0.5111834,0.5076435
0.5190986,0.4657634,-0.5012756,0.5121758
0.5209578,0.4638046,-0.5034443,0.5099336
0.525997,0.4551422,-0.510477,0.5055552
0.5291557,0.4561896,-0.5079691,0.5038379
0.52135,0.4572926,-0.5080335,0.5108618
0.5266659,0.4541848,-0.5084019,0.507806
0.5370274,0.4503981,-0.5098146,0.4988309
0.5351804,0.4522456,-0.5099469,0.4990092
0.5291905,0.4478258,-0.5145963,0.5045792
0.52007,0.4116504,-0.5212697,0.5369815
0.5250501,0.3780767,-0.5009474,0.5748322
0.6102282,0.3417137,-0.4335537,0.5682294
0.6611861,0.3204938,-0.3929527,0.5529061
0.6522473,0.298824,-0.3894689,0.5775741
0.652346,0.2891399,-0.4045646,0.5719882
0.6628166,0.2690706,-0.4494193,0.5350679
0.640658,0.3052436,-0.4556591,0.5373629
0.5594466,0.3231572,-0.4318419,0.6293661
0.4880464,0.2849482,-0.383784,0.7302911
0.467059,0.2789097,-0.3254014,0.7734206
0.4523941,0.2800693,-0.3029383,0.7906511
0.457517,0.2968175,-0.2872987,0.7874243
0.4757629,0.2842214,-0.3117339,0.7718096
0.5027281,0.2786352,-0.3623767,0.7336961
0.522774,0.3315174,-0.4007527,0.6754265
0.5402364,0.4441655,-0.4144832,0.5822931
0.5404371,0.5382001,-0.4152147,0.4958479
0.520532,0.5898898,-0.4137249,0.4581575
0.5038021,0.6211279,-0.4175432,0.4313252
0.4960137,0.6339026,-0.4199089,0.4193023
0.4966237,0.6170298,-0.4301809,0.4331093
0.4996571,0.5856879,-0.4359097,0.4661495
0.5125915,0.5590572,-0.438546,0.4820607
0.5260128,0.5376745,-0.4383968,0.4919604
0.5265952,0.5151342,-0.4509481,0.5039645
0.5211222,0.4836643,-0.471493,0.5217232
0.5173873,0.4516388,-0.48674,0.5398306
0.5116128,0.4365549,-0.4906076,0.5540547
0.5150985,0.4240052,-0.4867277,0.5639055
0.5316959,0.4152434,-0.4902646,0.5518272
0.5439464,0.4176605,-0.4998545,0.5289873
0.5316973,0.4234484,-0.5022844,0.5345091
0.5126635,0.4169757,-0.5186343,0.5425183
0.4990183,0.4336432,-0.5132036,0.5473174
0.490987,0.4406016,-0.5207268,0.5418908
0.4840237,0.450572,-0.5273998,0.5334376
0.4932386,0.4585688,-0.5319362,0.5132975
0.4894295,0.4726302,-0.5320944,0.5039397
0.4823914,0.4825048,-0.5385035,0.4944713
0.484314,0.4790965,-0.5400881,0.4941777
0.4865327,0.4756922,-0.5403261,0.495026
0.4823962,0.4676067,-0.545979,0.5005448
0.4959057,0.4523568,-0.5509652,0.4958713
0.5169334,0.4392539,-0.5449798,0.4927812
0.5325903,0.4230731,-0.5399075,0.4958395
0.5353983,0.4104087,-0.5405827,0.5026769
0.5436115,0.3943998,-0.5430529,0.5040129
0.55519,0.3884762,-0.542268,0.4967856
0.5564501,0.3989587,-0.5331997,0.4968839
0.5524799,0.4058301,-0.5348813,0.4939333
0.5546736,0.4061199,-0.5443514,0.4807137
0.5551752,0.4083829,-0.5518947,0.4694853
0.5530225,0.4159449,-0.5530918,0.4639457
0.5491295,0.4139042,-0.5616863,0.460053
0.5486575,0.4205162,-0.5584757,0.4585261
0.5465763,0.4314111,-0.5553017,0.4547296
0.5484207,0.4321817,-0.5532596,0.4542661
0.5529932,0.4329822,-0.5563623,0.4440563
0.5433289,0.4317574,-0.5603117,0.4521396
0.5379458,0.4322462,-0.5588517,0.4598505
0.5413142,0.4372734,-0.5490614,0.4629284
0.5453009,0.4351644,-0.5506218,0.458361
0.5475102,0.430851,-0.5565622,0.4525911
0.5524018,0.4258121,-0.5535172,0.455143
0.5622159,0.4158088,-0.5551702,0.4503358
0.5683792,0.413137,-0.5527645,0.4480118
0.5636209,0.4107101,-0.5555106,0.452832
0.5616543,0.4106814,-0.5597367,0.4500892
0.5623935,0.4129321,-0.5585278,0.4486063
0.5556982,0.4173529,-0.5588398,0.4524537
0.5545236,0.4155454,-0.5634443,0.4498405
0.551383,0.4163923,-0.5635003,0.4528376
0.5456439,0.4175234,-0.5606901,0.4621405
0.5466643,0.4185672,-0.5580518,0.4631825
0.5492094,0.418972,-0.5593798,0.4581766
0.5590237,0.4155558,-0.5647931,0.4425097
0.5596517,0.4161867,-0.561116,0.4457888
0.5490592,0.421336,-0.5585049,0.4572552
0.5444041,0.4235179,-0.5599082,0.4590858
0.5448083,0.4252572,-0.5619748,0.4544502
0.5498458,0.4277242,-0.5609013,0.4473383
0.5512907,0.4288092,-0.5599964,0.4456514
0.5515849,0.4263928,-0.562197,0.4448347
0.5525817,0.4208744,-0.564845,0.4454979
0.5520436,0.4187212,-0.5639391,0.4493254
0.5507767,0.424308,-0.5568821,0.4544119
0.5470172,0.4282529,-0.5530995,0.4598401
0.5451986,0.4332936,-0.5493506,0.4617674
0.5406688,0.4417885,-0.5455263,0.4635744
0.5311977,0.4539512,-0.5401893,0.4689914
0.5506364,0.447971,-0.5399489,0.4523018
0.5992907,0.4262998,-0.5283521,0.4242209
0.611815,0.3977035,-0.5248349,0.4382493
0.5972946,0.4048159,-0.517175,0.4603191
0.6136711,0.3892238,-0.532852,0.4335681
0.5567255,0.3731671,-0.51441,0.5349632
0.4363651,0.3769806,-0.4485431,0.6828473
0.4214627,0.3588571,-0.4450735,0.703918
0.4745642,0.3539548,-0.463574,0.6592454
0.5458568,0.3668956,-0.4762845,0.5835933
0.5560281,0.3578393,-0.5044534,0.5552573
0.5266557,0.3601632,-0.5006211,0.5850599
0.5444834,0.3845493,-0.4815372,0.5690182
0.5329787,0.3965289,-0.5088557,0.5475076
0.5583378,0.4455099,-0.5324308,0.4541997
0.5710576,0.4766707,-0.5355874,0.3997807
0.5654985,0.4775635,-0.5369213,0.4047965
0.5518769,0.4825715,-0.5405205,0.4127886
0.5163893,0.4659425,-0.5492781,0.4631773
0.4826744,0.4790738,-0.5290024,0.5076123
0.4544078,0.4935339,-0.5053623,0.5427219
0.4575329,0.5112162,-0.4727046,0.553057
0.4569757,0.5044868,-0.4622728,0.5683049
0.4480398,0.46542,-0.4909213,0.5845005
0.4685678,0.4559329,-0.5253986,0.5445418
0.5401183,0.4630567,-0.5163082,0.4767354
0.570641,0.4451199,-0.5244509,0.4485403
0.5585405,0.4384878,-0.5418222,0.4496551
0.5448234,0.4555075,-0.5488017,0.4410185
0.5416275,0.4512261,-0.5505964,0.4470777
0.5055488,0.4519876,-0.5546899,0.4821275
0.4845271,0.4621685,-0.5590851,0.4889356
0.490833,0.4586011,-0.5574036,0.4879234
0.4938738,0.4543978,-0.5557045,0.4907177
0.4943759,0.4547827,-0.5528988,0.4930194
0.4975021,0.4577622,-0.5465653,0.494178
0.4987569,0.4652438,-0.5284306,0.5055205
0.496409,0.4402367,-0.5325652,0.5254942
0.5303718,0.4156623,-0.5374857,0.506991
0.5973806,0.3550785,-0.5653652,0.4443172
0.6034597,0.3588663,-0.5670891,0.4306523
0.5754717,0.3457083,-0.5528495,0.4936352
0.5010079,0.3520777,-0.5191272,0.5962713
0.4624791,0.4100221,-0.4442126,0.6485908
0.449463,0.4411854,-0.4018426,0.6647263
0.4570288,0.4146496,-0.4134636,0.6695061
0.4389916,0.3228505,-0.4422307,0.7123805
0.4569448,0.2713992,-0.4924649,0.6892186
0.4907021,0.2690094,-0.5303084,0.6368818
0.5044757,0.2815017,-0.5301394,0.6206556
0.5036733,0.2770116,-0.533479,0.6204661
0.4944608,0.2729802,-0.5306653,0.631969
0.4909664,0.2705988,-0.505017,0.6562667
0.496774,0.184989,-0.4989678,0.6855844
0.5159115,0.1014527,-0.4892928,0.6957982
0.5406967,0.09162596,-0.4739193,0.6889501
0.5577581,0.08866586,-0.4616485,0.6840506
0.5765921,0.08930209,-0.4491595,0.676626
0.5948646,0.08040668,-0.4342149,0.6716609
0.6652938,-0.007969439,-0.349463,0.6596941
0.7041107,-0.04626748,-0.3002943,0.6418028
0.7100992,-0.06784949,-0.3184498,0.6242959
0.6895562,-0.04804689,-0.3346503,0.6404787
0.6794181,-0.03968474,-0.3701967,0.6322743
0.6831927,-0.004819751,-0.3927178,0.6156276
0.682941,0.04314554,-0.4115594,0.6019542
0.6828431,0.09752613,-0.4228638,0.5877074
0.6759546,0.130476,-0.4373137,0.578635
0.6674342,0.1466792,-0.4586275,0.5680473
0.6586261,0.1704454,-0.4725337,0.5602431
0.6492667,0.1942504,-0.4674087,0.5676697
0.6419103,0.1737553,-0.4711744,0.5794438
0.6165289,0.1434499,-0.4521151,0.6284156
0.5790218,0.1452991,-0.4199635,0.6835588
0.5648705,0.1887447,-0.3566346,0.7197976
0.5732161,0.1924456,-0.3492064,0.7158512
0.5931149,0.2032594,-0.3393125,0.7012614
0.6236758,0.2197656,-0.3624096,0.6568035
0.6370884,0.2014983,-0.4106637,0.6203807
0.6497456,0.1939921,-0.4366534,0.5912118
0.6588839,0.1891624,-0.4405684,0.5796454
0.6577141,0.1847553,-0.4396957,0.5830485
0.6486468,0.1897563,-0.4304899,0.5982714
0.6456335,0.1916251,-0.4252944,0.6046172
0.6414376,0.1850975,-0.4324247,0.6060574
0.6345083,0.1683082,-0.458961,0.5986876
0.657653,0.1570602,-0.4720781,0.5656559
0.6969075,0.1455664,-0.4675233,0.5239776
0.6978227,0.1522182,-0.4582214,0.5290617
0.7069023,0.1845025,-0.444185,0.5186017
0.7115723,0.1938721,-0.4392127,0.5130019
0.7047617,0.1968566,-0.4478353,0.5138113
0.684217,0.2150951,-0.4540124,0.5286342
0.6750059,0.2554123,-0.4534504,0.5229862
0.6750041,0.2956689,-0.4580784,0.497105
0.6710079,0.3579855,-0.4677286,0.4503609
0.6420935,0.4084351,-0.4914588,0.4235152
0.6195257,0.4426444,-0.5102609,0.3998599
0.6040165,0.456548,-0.5222297,0.3924338
0.5895306,0.4699835,-0.5247048,0.3952901
0.6028965,0.462559,-0.5204067,0.3895279
0.6127738,0.4504845,-0.5212762,0.387096
0.6194555,0.4419935,-0.5211211,0.3864576
0.6248563,0.4437596,-0.5113409,0.3887962
0.6290442,0.4240799,-0.5184658,0.3945289
0.6309315,0.4002826,-0.5311756,0.3994395
0.6358079,0.3899828,-0.5293578,0.4042798
0.6226166,0.384558,-0.538281,0.4179922
0.6091077,0.3879952,-0.5419767,0.4297778
0.6053877,0.3894781,-0.5443773,0.4306576
0.6053455,0.3859008,-0.5470515,0.4305491
0.6193728,0.3809343,-0.5447692,0.4177235
0.6228747,0.3845526,-0.5399953,0.4153934
0.6292492,0.3885753,-0.5318691,0.4125167
0.6262056,0.3843622,-0.5354395,0.4164578
0.6214173,0.3818176,-0.5400969,0.419942
0.6153199,0.3835211,-0.5428642,0.4237824
0.6059268,0.3885953,-0.5427012,0.4328071
0.5922768,0.397683,-0.5435199,0.4423152
0.5859384,0.4084055,-0.5416157,0.4433211
0.590211,0.4024977,-0.5475402,0.4357136
0.5943282,0.3914577,-0.5561854,0.4291769
0.5971087,0.3919162,-0.5561718,0.4248951
0.5820506,0.3975978,-0.5593597,0.4361763
-0.5082499,-0.4912787,0.4845749,-0.5152811
-0.5082499,-0.4912787,0.4845749,-0.5152811
-0.5082499,-0.4912787,0.4845749,-0.5152811
-0.5082499,-0.4912787,0.4845749,-0.5152811
-0.5082499,-0.4912787,0.4845749,-0.5152811
-0.5082499,-0.4912787,0.4845749,-0.5152811
-0.5082499,-0.4912787,0.4845749,-0.5152811
-0.5082499,-0.4912787,0.4845749,-0.5152811
-0.5082499,-0.4912787,0.4845749,-0.5152811
-0.5082499,-0.4912787,0.4845749,-0.5152811
-0.5082499,-0.4912787,0.4845749,-0.5152811
-0.5082499,-0.4912787,0.4845749,-0.5152811
-0.5082499,-0.4912787,0.4845749,-0.5152811
-0.5082499,-0.4912787,0.4845749,-0.5152811
-0.5082499,-0.4912787,0.4845749,-0.5152811
-0.5082499,-0.4912787,0.4845749,-0.5152811
-0.5082499,-0.4912787,0.4845749,-0.5152811
-0.5082499,-0.4912787,0.4845749,-0.5152811
-0.5082499,-0.4912787,0.4845749,-0.5152811
-0.5082499,-0.4912787,0.4845749,-0.5152811
-0.5082499,-0.4912787,0.4845749,-0.5152811
-0.5082499,-0.4912787,0.4845749,-0.5152811
-0.5082499,-0.4912787,0.4845749,-0.5152811
-0.5082499,-0.4912787,0.4845749,-0.5152811
-0.5082499,-0.4912787,0.4845749,-0.5152811
-0.5082499,-0.4912787,0.4845749,-0.5152811
-0.5082499,-0.4912787,0.4845749,-0.5152811
-0.5082499,-0.4912787,0.4845749,-0.5152811
-0.5082499,-0.4912787,0.4845749,-0.5152811
-0.5082499,-0.4912787,0.4845749,-0.5152811
-0.5082499,-0.4912787,0.4845749,-0.5152811
-0.5082499,-0.4912787,0.4845749,-0.5152811
-0.5082499,-0.4912787,0.4845749,-0.5152811
-0.5082499,-0.4912787,0.4845749,-0.5152811
-0.5082499,-0.4912787,0.4845749,-0.5152811
-0.5082499,-0.4912787,0.4845749,-0.5152811
-0.5082499,-0.4912787,0.4845749,-0.5152811
-0.5082499,-0.4912787,0.4845749,-0.5152811
-0.5082499,-0.4912787,0.4845749,-0.5152811
-0.5082499,-0.4912787,0.4845749,-0.5152811
-0.5082499,-0.4912787,0.4845749,-0.5152811
-0.5082499,-0.4912787,0.4845749,-0.5152811
-0.5082499,-0.4912787,0.4845749,-0.5152811
-0.5082499,-0.4912787,0.4845749,-0.5152811
-0.5082499,-0.4912787,0.4845749,-0.5152811
-0.5082499,-0.4912787,0.4845749,-0.5152811
-0.5082499,-0.4912787,0.4845749,-0.5152811
-0.5082499,-0.4912787,0.4845749,-0.5152811
-0.5082499,-0.4912787,0.4845749,-0.5152811
-0.5082499,-0.4912787,0.4845749,-0.5152811
-0.5082499,-0.4912787,0.4845749,-0.5152811
-0.5082499,-0.4912787,0.4845749,-0.5152811
-0.5082499,-0.4912787,0.4845749,-0.5152811
-0.5082499,-0.4912787,0.4845749,-0.5152811
-0.5082499,-0.4912787,0.4845749,-0.5152811
-0.5082499,-0.4912787,0.4845749,-0.5152811
-0.5082499,-0.4912787,0.4845749,-0.5152811
-0.5082499,-0.4912787,0.4845749,-0.5152811
-0.5082499,-0.4912787,0.4845749,-0.5152811
-0.5082499,-0.4912787,0.4845749,-0.5152811
-0.5082499,-0.4912787,0.4845749,-0.5152811
-0.5082499,-0.4912787,0.4845749,-0.5152811
-0.5082499,-0.4912787,0.4845749,-0.5152811
-0.5082499,-0.4912787,0.4845749,-0.5152811
-0.5082499,-0.4912787,0.4845749,-0.5152811
-0.5082499,-0.4912787,0.4845749,-0.5152811
-0.5082499,-0.4912787,0.4845749,-0.5152811
-0.5082499,-0.4912787,0.4845749,-0.5152811
-0.5082499,-0.4912787,0.4845749,-0.5152811
-0.5082499,-0.4912787,0.4845749,-0.5152811
-0.5082499,-0.4912787,0.4845749,-0.5152811
-0.5082499,-0.4912787,0.4845749,-0.5152811
-0.5082499,-0.4912787,0.4845749,-0.5152811
-0.5082499,-0.4912787,0.4845749,-0.5152811
-0.5082499,-0.4912787,0.4845749,-0.5152811
-0.5082499,-0.4912787,0.4845749,-0.5152811
-0.5082499,-0.4912787,0.4845749,-0.5152811
-0.5082499,-0.4912787,0.4845749,-0.5152811
-0.5082499,-0.4912787,0.4845749,-0.5152811
-0.5082499,-0.4912787,0.4845749,-0.5152811
-0.5082499,-0.4912787,0.4845749,-0.5152811
-0.5082499,-0.4912787,0.4845749,-0.5152811
-0.5082499,-0.4912787,0.4845749,-0.5152811
-0.5082499,-0.4912787,0.4845749,-0.5152811
-0.5082499,-0.4912787,0.4845749,-0.5152811
-0.5082499,-0.4912787,0.4845749,-0.5152811
-0.5082499,-0.4912787,0.4845749,-0.5152811
-0.5082499,-0.4912787,0.4845749,-0.5152811
-0.5082499,-0.4912787,0.4845749,-0.5152811
-0.5082499,-0.4912787,0.4845749,-0.5152811
-0.5082499,-0.4912787,0.4845749,-0.5152811
-0.5082499,-0.4912787,0.4845749,-0.5152811
-0.5082499,-0.4912787,0.4845749,-0.5152811
-0.5082499,-0.4912787,0.4845749,-0.5152811
-0.5082499,-0.4912787,0.4845749,-0.5152811
-0.5082499,-0.4912787,0.4845749,-0.5152811
-0.5082499,-0.4912787,0.4845749,-0.5152811
-0.5082499,-0.4912787,0.4845749,-0.5152811
-0.5082499,-0.4912787,0.4845749,-0.5152811
-0.5082499,-0.4912787,0.4845749,-0.5152811
-0.5082499,-0.4912787,0.4845749,-0.5152811
-0.5082499,-0.4912787,0.4845749,-0.5152811
-0.5082499,-0.4912787,0.4845749,-0.5152811
-0.5082499,-0.4912787,0.4845749,-0.5152811
-0.5082499,-0.4912787,0.4845749,-0.5152811
-0.5082499,-0.4912787,0.4845749,-0.5152811
-0.5082499,-0.4912787,0.4845749,-0.5152811
-0.5082499,-0.4912787,0.4845749,-0.5152811
-0.5082499,-0.4912787,0.4845749,-0.5152811
-0.5082499,-0.4912787,0.4845749,-0.5152811
-0.5082499,-0.4912787,0.4845749,-0.5152811
-0.5082499,-0.4912787,0.4845749,-0.5152811
-0.5082499,-0.4912787,0.4845749,-0.5152811
-0.5082499,-0.4912787,0.4845749,-0.5152811
-0.5082499,-0.4912787,0.4845749,-0.5152811
-0.5082499,-0.4912787,0.4845749,-0.5152811
-0.5082499,-0.4912787,0.4845749,-0.5152811
-0.5082499,-0.4912787,0.4845749,-0.5152811
-0.5082499,-0.4912787,0.4845749,-0.5152811
-0.5082499,-0.4912787,0.4845749,-0.5152811
-0.5082499,-0.4912787,0.4845749,-0.5152811
-0.5082499,-0.4912787,0.4845749,-0.5152811
-0.5082499,-0.4912787,0.4845749,-0.5152811
-0.5082499,-0.4912787,0.4845749,-0.5152811
-0.5082499,-0.4912787,0.4845749,-0.5152811
-0.5082499,-0.4912787,0.4845749,-0.5152811
-0.5082499,-0.4912787,0.4845749,-0.5152811
-0.5082499,-0.4912787,0.4845749,-0.5152811
-0.5082499,-0.4912787,0.4845749,-0.5152811
-0.5082499,-0.4912787,0.4845749,-0.5152811
-0.5082499,-0.4912787,0.4845749,-0.5152811
-0.5082499,-0.4912787,0.4845749,-0.5152811
-0.5082499,-0.4912787,0.4845749,-0.5152811
-0.5082499,-0.4912787,0.4845749,-0.5152811
-0.5082499,-0.4912787,0.4845749,-0.5152811
-0.5082499,-0.4912787,0.4845749,-0.5152811
-0.5082499,-0.4912787,0.4845749,-0.5152811
-0.5082499,-0.4912787,0.4845749,-0.5152811
-0.5082499,-0.4912787,0.4845749,-0.5152811
-0.5082499,-0.4912787,0.4845749,-0.5152811
-0.5082499,-0.4912787,0.4845749,-0.5152811
-0.5082499,-0.4912787,0.4845749,-0.5152811
-0.5082499,-0.4912787,0.4845749,-0.5152811
-0.5082499,-0.4912787,0.4845749,-0.5152811
-0.5082499,-0.4912787,0.4845749,-0.5152811
-0.5082499,-0.4912787,0.4845749,-0.5152811
-0.5082499,-0.4912787,0.4845749,-0.5152811
-0.5082499,-0.4912787,0.4845749,-0.5152811
-0.5082499,-0.4912787,0.4845749,-0.5152811
-0.5082499,-0.4912787,0.4845749,-0.5152811
-0.5082499,-0.4912787,0.4845749,-0.5152811
-0.5082499,-0.4912787,0.4845749,-0.5152811
-0.5082499,-0.4912787,0.4845749,-0.5152811
-0.5082499,-0.4912787,0.4845749,-0.5152811
-0.5082499,-0.4912787,0.4845749,-0.5152811
-0.5082499,-0.4912787,0.4845749,-0.5152811
-0.5082499,-0.4912787,0.4845749,-0.5152811
-0.5082499,-0.4912787,0.4845749,-0.5152811
-0.5082499,-0.4912787,0.4845749,-0.5152811
-0.5082499,-0.4912787,0.4845749,-0.5152811
-0.5082499,-0.4912787,0.4845749,-0.5152811
-0.5082499,-0.4912787,0.4845749,-0.5152811
-0.5082499,-0.4912787,0.4845749,-0.5152811
-0.5082499,-0.4912787,0.4845749,-0.5152811
-0.5082499,-0.4912787,0.4845749,-0.5152811
-0.5082499,-0.4912787,0.4845749,-0.5152811
-0.5082499,-0.4912787,0.4845749,-0.5152811
-0.5082499,-0.4912787,0.4845749,-0.5152811
-0.5082499,-0.4912787,0.4845749,-0.5152811
-0.5082499,-0.4912787,0.4845749,-0.5152811
-0.5082499,-0.4912787,0.4845749,-0.5152811
-0.5082499,-0.4912787,0.4845749,-0.5152811
-0.5082499,-0.4912787,0.4845749,-0.5152811
-0.5082499,-0.4912787,0.4845749,-0.5152811
-0.5082499,-0.4912787,0.4845749,-0.5152811
-0.5082499,-0.4912787,0.4845749,-0.5152811
-0.5082499,-0.4912787,0.4845749,-0.5152811
-0.5082499,-0.4912787,0.4845749,-0.5152811
-0.5082499,-0.4912787,0.4845749,-0.5152811
-0.5082499,-0.4912787,0.4845749,-0.5152811
-0.5082499,-0.4912787,0.4845749,-0.5152811
-0.5082499,-0.4912787,0.4845749,-0.5152811
-0.5082499,-0.4912787,0.4845749,-0.5152811
-0.5082499,-0.4912787,0.4845749,-0.5152811
-0.5082499,-0.4912787,0.4845749,-0.5152811
-0.5082499,-0.4912787,0.4845749,-0.5152811
-0.5082499,-0.4912787,0.4845749,-0.5152811
-0.5082499,-0.4912787,0.4845749,-0.5152811
-0.5082499,-0.4912787,0.4845749,-0.5152811
-0.5082499,-0.4912787,0.4845749,-0.5152811
-0.5082499,-0.4912787,0.4845749,-0.5152811
-0.5082499,-0.4912787,0.4845749,-0.5152811
-0.5082499,-0.4912787,0.4845749,-0.5152811
-0.5082499,-0.4912787,0.4845749,-0.5152811
-0.5082499,-0.4912787,0.4845749,-0.5152811
-0.5082499,-0.4912787,0.4845749,-0.5152811
-0.5082499,-0.4912787,0.4845749,-0.5152811
-0.5082499,-0.4912787,0.4845749,-0.5152811
-0.5082499,-0.4912787,0.4845749,-0.5152811
-0.5082499,-0.4912787,0.4845749,-0.5152811
-0.5082499,-0.4912787,0.4845749,-0.5152811
-0.5082499,-0.4912787,0.4845749,-0.5152811
-0.5082499,-0.4912787,0.4845749,-0.5152811
-0.5082499,-0.4912787,0.4845749,-0.5152811
-0.5082499,-0.4912787,0.4845749,-0.5152811
-0.5082499,-0.4912787,0.4845749,-0.5152811
-0.5082499,-0.4912787,0.4845749,-0.5152811
-0.5082499,-0.4912787,0.4845749,-0.5152811
-0.5082499,-0.4912787,0.4845749,-0.5152811
-0.5082499,-0.4912787,0.4845749,-0.5152811
-0.5082499,-0.4912787,0.4845749,-0.5152811
-0.5082499,-0.4912787,0.4845749,-0.5152811
-0.5082499,-0.4912787,0.4845749,-0.5152811
-0.5082499,-0.4912787,0.4845749,-0.5152811
-0.5082499,-0.4912787,0.4845749,-0.5152811
-0.5082499,-0.4912787,0.4845749,-0.5152811
-0.5082499,-0.4912787,0.4845749,-0.5152811
-0.5082499,-0.4912787,0.4845749,-0.5152811
-0.5082499,-0.4912787,0.4845749,-0.5152811
-0.5082499,-0.4912787,0.4845749,-0.5152811
-0.5082499,-0.4912787,0.4845749,-0.5152811
-0.5082499,-0.4912787,0.4845749,-0.5152811
-0.5082499,-0.4912787,0.4845749,-0.5152811
-0.5082499,-0.4912787,0.4845749,-0.5152811
-0.5082499,-0.4912787,0.4845749,-0.5152811
-0.5082499,-0.4912787,0.4845749,-0.5152811
-0.5082499,-0.4912787,0.4845749,-0.5152811
-0.5082499,-0.4912787,0.4845749,-0.5152811
-0.5082499,-0.4912787,0.4845749,-0.5152811
-0.5082499,-0.4912787,0.4845749,-0.5152811
-0.5082499,-0.4912787,0.4845749,-0.5152811
-0.5082499,-0.4912787,0.4845749,-0.5152811
-0.5082499,-0.4912787,0.4845749,-0.5152811
-0.5082499,-0.4912787,0.4845749,-0.5152811
-0.5082499,-0.4912787,0.4845749,-0.5152811
-0.5082499,-0.4912787,0.4845749,-0.5152811
-0.5082499,-0.4912787,0.4845749,-0.5152811
-0.5082499,-0.4912787,0.4845749,-0.5152811
-0.5082499,-0.4912787,0.4845749,-0.5152811
-0.5082499,-0.4912787,0.4845749,-0.5152811
-0.5082499,-0.4912787,0.4845749,-0.5152811
-0.5082499,-0.4912787,0.4845749,-0.5152811
-0.5082499,-0.4912787,0.4845749,-0.5152811
-0.5082499,-0.4912787,0.4845749,-0.5152811
-0.5082499,-0.4912787,0.4845749,-0.5152811
-0.5082499,-0.4912787,0.4845749,-0.5152811
-0.5082499,-0.4912787,0.4845749,-0.5152811
-0.5082499,-0.4912787,0.4845749,-0.5152811
-0.5082499,-0.4912787,0.4845749,-0.5152811
-0.5082499,-0.4912787,0.4845749,-0.5152811
-0.5082499,-0.4912787,0.4845749,-0.5152811
-0.5082499,-0.4912787,0.4845749,-0.5152811
-0.5082499,-0.4912787,0.4845749,-0.5152811
-0.5082499,-0.4912787,0.4845749,-0.5152811
-0.5082499,-0.4912787,0.4845749,-0.5152811
-0.5082499,-0.4912787,0.4845749,-0.5152811
-0.5082499,-0.4912787,0.4845749,-0.5152811
-0.5082499,-0.4912787,0.4845749,-0.5152811
-0.5082499,-0.4912787,0.4845749,-0.5152811
-0.5082499,-0.4912787,0.4845749,-0.5152811
-0.5082499,-0.4912787,0.4845749,-0.5152811
-0.5082499,-0.4912787,0.4845749,-0.5152811
-0.5082499,-0.4912787,0.4845749,-0.5152811
-0.5082499,-0.4912787,0.4845749,-0.5152811
-0.5082499,-0.4912787,0.4845749,-0.5152811
-0.5082499,-0.4912787,0.4845749,-0.5152811
-0.5082499,-0.4912787,0.4845749,-0.5152811
-0.5082499,-0.4912787,0.4845749,-0.5152811
-0.5082499,-0.4912787,0.4845749,-0.5152811
-0.5082499,-0.4912787,0.4845749,-0.5152811
-0.5082499,-0.4912787,0.4845749,-0.5152811
-0.5082499,-0.4912787,0.4845749,-0.5152811
-0.5082499,-0.4912787,0.4845749,-0.5152811
-0.5082499,-0.4912787,0.4845749,-0.5152811
-0.5082499,-0.4912787,0.4845749,-0.5152811
-0.5082499,-0.4912787,0.4845749,-0.5152811
-0.5082499,-0.4912787,0.4845749,-0.5152811
-0.5082499,-0.4912787,0.4845749,-0.5152811
-0.5082499,-0.4912787,0.4845749,-0.5152811
-0.5082499,-0.4912787,0.4845749,-0.5152811
-0.5082499,-0.4912787,0.4845749,-0.5152811
-0.5082499,-0.4912787,0.4845749,-0.5152811
-0.5082499,-0.4912787,0.4845749,-0.5152811
-0.5082499,-0.4912787,0.4845749,-0.5152811
-0.5082499,-0.4912787,0.4845749,-0.5152811
-0.5082499,-0.4912787,0.4845749,-0.5152811
-0.5082499,-0.4912787,0.4845749,-0.5152811
-0.5082499,-0.4912787,0.4845749,-0.5152811
-0.5082499,-0.4912787,0.4845749,-0.5152811
-0.5082499,-0.4912787,0.4845749,-0.5152811
-0.5082499,-0.4912787,0.4845749,-0.5152811
-0.5082499,-0.4912787,0.4845749,-0.5152811
-0.5082499,-0.4912787,0.4845749,-0.5152811
-0.5082499,-0.4912787,0.4845749,-0.5152811
-0.5082499,-0.4912787,0.4845749,-0.5152811
-0.5082499,-0.4912787,0.4845749,-0.5152811
-0.5082499,-0.4912787,0.4845749,-0.5152811
-0.5082499,-0.4912787,0.4845749,-0.5152811
-0.5082499,-0.4912787,0.4845749,-0.5152811
-0.5082499,-0.4912787,0.4845749,-0.5152811
-0.5082499,-0.4912787,0.4845749,-0.5152811
-0.5082499,-0.4912787,0.4845749,-0.5152811
-0.5082499,-0.4912787,0.4845749,-0.5152811
-0.5082499,-0.4912787,0.4845749,-0.5152811
-0.5082499,-0.4912787,0.4845749,-0.5152811
-0.5082499,-0.4912787,0.4845749,-0.5152811
-0.5082499,-0.4912787,0.4845749,-0.5152811
-0.5082499,-0.4912787,0.4845749,-0.5152811
-0.5082499,-0.4912787,0.4845749,-0.5152811
-0.5082499,-0.4912787,0.4845749,-0.5152811
-0.5082499,-0.4912787,0.4845749,-0.5152811
-0.5082499,-0.4912787,0.4845749,-0.5152811
-0.5082499,-0.4912787,0.4845749,-0.5152811
-0.5082499,-0.4912787,0.4845749,-0.5152811
-0.5082499,-0.4912787,0.4845749,-0.5152811
-0.5082499,-0.4912787,0.4845749,-0.5152811
-0.5082499,-0.4912787,0.4845749,-0.5152811
-0.5082499,-0.4912787,0.4845749,-0.5152811
-0.5082499,-0.4912787,0.4845749,-0.5152811
-0.5082499,-0.4912787,0.4845749,-0.5152811
-0.5082499,-0.4912787,0.4845749,-0.5152811
-0.5082499,-0.4912787,0.4845749,-0.5152811
-0.5082499,-0.4912787,0.4845749,-0.5152811
-0.5082499,-0.4912787,0.4845749,-0.5152811
-0.5082499,-0.4912787,0.4845749,-0.5152811
-0.5082499,-0.4912787,0.4845749,-0.5152811
-0.5082499,-0.4912787,0.4845749,-0.5152811
-0.5082499,-0.4912787,0.4845749,-0.5152811
-0.5082499,-0.4912787,0.4845749,-0.5152811
-0.5082499,-0.4912787,0.4845749,-0.5152811
-0.5082499,-0.4912787,0.4845749,-0.5152811
-0.5082499,-0.4912787,0.4845749,-0.5152811
-0.5082499,-0.4912787,0.4845749,-0.5152811
-0.5082499,-0.4912787,0.4845749,-0.5152811
-0.5082499,-0.4912787,0.4845749,-0.5152811
-0.5082499,-0.4912787,0.4845749,-0.5152811
-0.5082499,-0.4912787,0.4845749,-0.5152811
-0.5082499,-0.4912787,0.4845749,-0.5152811
-0.5082499,-0.4912787,0.4845749,-0.5152811
-0.5082499,-0.4912787,0.4845749,-0.5152811
-0.5082499,-0.4912787,0.4845749,-0.5152811
-0.5082499,-0.4912787,0.4845749,-0.5152811
-0.5082499,-0.4912787,0.4845749,-0.5152811
-0.5082499,-0.4912787,0.4845749,-0.5152811
-0.5082499,-0.4912787,0.4845749,-0.5152811
-0.5082499,-0.4912787,0.4845749,-0.5152811
-0.5082499,-0.4912787,0.4845749,-0.5152811
-0.5082499,-0.4912787,0.4845749,-0.5152811
-0.5082499,-0.4912787,0.4845749,-0.5152811
-0.5082499,-0.4912787,0.4845749,-0.5152811
-0.5082499,-0.4912787,0.4845749,-0.5152811
-0.5082499,-0.4912787,0.4845749,-0.5152811
-0.5082499,-0.4912787,0.4845749,-0.5152811
-0.5082499,-0.4912787,0.4845749,-0.5152811
-0.5082499,-0.4912787,0.4845749,-0.5152811
-0.5082499,-0.4912787,0.4845749,-0.5152811
-0.5082499,-0.4912787,0.4845749,-0.5152811
-0.5082499,-0.4912787,0.4845749,-0.5152811
-0.5082499,-0.4912787,0.4845749,-0.5152811
-0.5082499,-0.4912787,0.4845749,-0.5152811
-0.5082499,-0.4912787,0.4845749,-0.5152811
-0.5082499,-0.4912787,0.4845749,-0.5152811
-0.5082499,-0.4912787,0.4845749,-0.5152811
-0.5082499,-0.4912787,0.4845749,-0.5152811
-0.5082499,-0.4912787,0.4845749,-0.5152811
-0.5082499,-0.4912787,0.4845749,-0.5152811
-0.5082499,-0.4912787,0.4845749,-0.5152811
-0.5082499,-0.4912787,0.4845749,-0.5152811
-0.5082499,-0.4912787,0.4845749,-0.5152811
-0.5082499,-0.4912787,0.4845749,-0.5152811
-0.5082499,-0.4912787,0.4845749,-0.5152811
-0.5082499,-0.4912787,0.4845749,-0.5152811
-0.5082499,-0.4912787,0.4845749,-0.5152811
-0.5082499,-0.4912787,0.4845749,-0.5152811
-0.5082499,-0.4912787,0.4845749,-0.5152811
-0.5082499,-0.4912787,0.4845749,-0.5152811
-0.5082499,-0.4912787,0.4845749,-0.5152811
-0.5082499,-0.4912787,0.4845749,-0.5152811
-0.5082499,-0.4912787,0.4845749,-0.5152811
-0.5082499,-0.4912787,0.4845749,-0.5152811
-0.5082499,-0.4912787,0.4845749,-0.5152811
-0.5082499,-0.4912787,0.4845749,-0.5152811
-0.5082499,-0.4912787,0.4845749,-0.5152811
-0.5082499,-0.4912787,0.4845749,-0.5152811
-0.5082499,-0.4912787,0.4845749,-0.5152811
-0.5082499,-0.4912787,0.4845749,-0.5152811
-0.5082499,-0.4912787,0.4845749,-0.5152811
-0.5082499,-0.4912787,0.4845749,-0.5152811
-0.5082499,-0.4912787,0.4845749,-0.5152811
-0.5082499,-0.4912787,0.4845749,-0.5152811
-0.5082499,-0.4912787,0.4845749,-0.5152811
-0.5082499,-0.4912787,0.4845749,-0.5152811
-0.5082499,-0.4912787,0.4845749,-0.5152811
-0.5082499,-0.4912787,0.4845749,-0.5152811
-0.5082499,-0.4912787,0.4845749,-0.5152811
-0.5082499,-0.4912787,0.4845749,-0.5152811
-0.5082499,-0.4912787,0.4845749,-0.5152811
-0.5082499,-0.4912787,0.4845749,-0.5152811
-0.5082499,-0.4912787,0.4845749,-0.5152811
-0.5082499,-0.4912787,0.4845749,-0.5152811
-0.5082499,-0.4912787,0.4845749,-0.5152811
-0.5082499,-0.4912787,0.4845749,-0.5152811
-0.5082499,-0.4912787,0.4845749,-0.5152811
-0.5082499,-0.4912787,0.4845749,-0.5152811
-0.5082499,-0.4912787,0.4845749,-0.5152811
-0.5082499,-0.4912787,0.4845749,-0.5152811
-0.5082499,-0.4912787,0.4845749,-0.5152811
-0.5082499,-0.4912787,0.4845749,-0.5152811
-0.5082499,-0.4912787,0.4845749,-0.5152811
-0.5082499,-0.4912787,0.4845749,-0.5152811
-0.5082499,-0.4912787,0.4845749,-0.5152811
-0.5082499,-0.4912787,0.4845749,-0.5152811
-0.5082499,-0.4912787,0.4845749,-0.5152811
-0.5082499,-0.4912787,0.4845749,-0.5152811
-0.5082499,-0.4912787,0.4845749,-0.5152811
-0.5082499,-0.4912787,0.4845749,-0.5152811
-0.5082499,-0.4912787,0.4845749,-0.5152811
-0.5082499,-0.4912787,0.4845749,-0.5152811
-0.5082499,-0.4912787,0.4845749,-0.5152811
-0.5082499,-0.4912787,0.4845749,-0.5152811
-0.5082499,-0.4912787,0.4845749,-0.5152811
-0.5082499,-0.4912787,0.4845749,-0.5152811
-0.5082499,-0.4912787,0.4845749,-0.5152811
-0.5082499,-0.4912787,0.4845749,-0.5152811
-0.5082499,-0.4912787,0.4845749,-0.5152811
-0.5082499,-0.4912787,0.4845749,-0.5152811
-0.5082499,-0.4912787,0.4845749,-0.5152811
-0.5082499,-0.4912787,0.4845749,-0.5152811
-0.5082499,-0.4912787,0.4845749,-0.5152811
-0.5082499,-0.4912787,0.4845749,-0.5152811
-0.5082499,-0.4912787,0.4845749,-0.5152811
-0.5082499,-0.4912787,0.4845749,-0.5152811
-0.5082499,-0.4912787,0.4845749,-0.5152811
-0.5082499,-0.4912787,0.4845749,-0.5152811
-0.5082499,-0.4912787,0.4845749,-0.5152811
-0.5082499,-0.4912787,0.4845749,-0.5152811
-0.5082499,-0.4912787,0.4845749,-0.5152811
-0.5082499,-0.4912787,0.4845749,-0.5152811
-0.5082499,-0.4912787,0.4845749,-0.5152811
-0.5082499,-0.4912787,0.4845749,-0.5152811
-0.5082499,-0.4912787,0.4845749,-0.5152811
-0.5082499,-0.4912787,0.4845749,-0.5152811
-0.5082499,-0.4912787,0.4845749,-0.5152811
-0.5082499,-0.4912787,0.4845749,-0.5152811
-0.5082499,-0.4912787,0.4845749,-0.5152811
-0.5082499,-0.4912787,0.4845749,-0.5152811
-0.5082499,-0.4912787,0.4845749,-0.5152811
-0.5082499,-0.4912787,0.4845749,-0.5152811
-0.5082499,-0.4912787,0.4845749,-0.5152811
-0.5082499,-0.4912787,0.4845749,-0.5152811
-0.5082499,-0.4912787,0.4845749,-0.5152811
-0.5082499,-0.4912787,0.4845749,-0.5152811
-0.5082499,-0.4912787,0.4845749,-0.5152811
-0.5082499,-0.4912787,0.4845749,-0.5152811
-0.5082499,-0.4912787,0.4845749,-0.5152811
-0.5082499,-0.4912787,0.4845749,-0.5152811
-0.5082499,-0.4912787,0.4845749,-0.5152811
-0.5082499,-0.4912787,0.4845749,-0.5152811
-0.5082499,-0.4912787,0.4845749,-0.5152811
-0.5082499,-0.4912787,0.4845749,-0.5152811
-0.5082499,-0.4912787,0.4845749,-0.5152811
-0.5082499,-0.4912787,0.4845749,-0.5152811
-0.5082499,-0.4912787,0.4845749,-0.5152811
-0.5082499,-0.4912787,0.4845749,-0.5152811
-0.5082499,-0.4912787,0.4845749,-0.5152811
-0.5082499,-0.4912787,0.4845749,-0.5152811
-0.5082499,-0.4912787,0.4845749,-0.5152811
-0.5082499,-0.4912787,0.4845749,-0.5152811
-0.5082499,-0.4912787,0.4845749,-0.5152811
-0.5082499,-0.4912787,0.4845749,-0.5152811
-0.5082499,-0.4912787,0.4845749,-0.5152811
-0.5082499,-0.4912787,0.4845749,-0.5152811
-0.5082499,-0.4912787,0.4845749,-0.5152811
-0.5082499,-0.4912787,0.4845749,-0.5152811
-0.5082499,-0.4912787,0.4845749,-0.5152811
-0.5082499,-0.4912787,0.4845749,-0.5152811
-0.5082499,-0.4912787,0.4845749,-0.5152811
-0.5082499,-0.4912787,0.4845749,-0.5152811
-0.5082499,-0.4912787,0.4845749,-0.5152811
-0.5082499,-0.4912787,0.4845749,-0.5152811
-0.5082499,-0.4912787,0.4845749,-0.5152811
-0.5082499,-0.4912787,0.4845749,-0.5152811
-0.5082499,-0.4912787,0.4845749,-0.5152811
-0.5082499,-0.4912787,0.4845749,-0.5152811
-0.5082499,-0.4912787,0.4845749,-0.5152811
-0.5082499,-0.4912787,0.4845749,-0.5152811
-0.5082499,-0.4912787,0.4845749,-0.5152811
-0.5082499,-0.4912787,0.4845749,-0.5152811
-0.5082499,-0.4912787,0.4845749,-0.5152811
-0.5082499,-0.4912787,0.4845749,-0.5152811
-0.5082499,-0.4912787,0.4845749,-0.5152811
-0.5082499,-0.4912787,0.4845749,-0.5152811
-0.5082499,-0.4912787,0.4845749,-0.5152811
-0.5082499,-0.4912787,0.4845749,-0.5152811
-0.5082499,-0.4912787,0.4845749,-0.5152811
-0.5082499,-0.4912787,0.4845749,-0.5152811
-0.5082499,-0.4912787,0.4845749,-0.5152811
-0.5082499,-0.4912787,0.4845749,-0.5152811
-0.5082499,-0.4912787,0.4845749,-0.5152811
-0.5082499,-0.4912787,0.4845749,-0.5152811
-0.5082499,-0.4912787,0.4845749,-0.5152811
