0.1381585,0.876958,0.02342351
0.1379303,0.8772435,0.02329198
0.137795,0.8774839,0.02322526
0.1375682,0.8775423,0.02324113
0.1375513,0.8776823,0.02338721
0.1375869,0.8780382,0.02362441
0.1378097,0.8782881,0.02381553
0.138096,0.8784745,0.02406605
0.1382269,0.8785561,0.02451105
0.1382408,0.8785933,0.02482633
0.1379842,0.8786357,0.02569412
0.1376313,0.879031,0.02661593
0.137121,0.8796952,0.02789244
0.1362729,0.8802572,0.02899621
0.135007,0.880606,0.02975245
0.1338408,0.8807827,0.030066
0.1324328,0.8812485,0.03058507
0.1312504,0.881811,0.03094243
0.130638,0.8820923,0.03117511
0.1304879,0.8823205,0.03111334
0.129983,0.8829535,0.03114544
0.1295291,0.8836215,0.03135239
0.1290331,0.884275,0.03152589
0.1286613,0.8841057,0.03136306
0.1283495,0.883875,0.03172661
0.1287199,0.8829011,0.03194322
0.128989,0.8821979,0.03254494
0.1295104,0.8814891,0.0333388
0.1302114,0.8811761,0.03426407
0.1312957,0.8809709,0.0352758
0.1325993,0.8807705,0.03627597
0.1335918,0.8807165,0.03714119
0.1347222,0.8806279,0.03821547
0.1355699,0.880816,0.0395446
0.1360902,0.8804542,0.04108757
0.1367563,0.8802496,0.04224053
0.1372003,0.8801544,0.04274152
0.1379132,0.880256,0.04307772
0.1386281,0.8806074,0.04319622
0.1391859,0.880992,0.04325373
0.1397943,0.881433,0.04304509
0.1403675,0.8817938,0.0428687
0.1408673,0.8822398,0.04246549
0.1412868,0.8827859,0.04190895
0.1417367,0.88319,0.04114179
0.1418374,0.8832918,0.04047327
0.1419787,0.8834477,0.04019487
0.1422114,0.8836378,0.04023837
0.1422256,0.8836258,0.04024966
0.142171,0.883669,0.04038545
0.1420314,0.8835836,0.0404668
0.1417347,0.8835481,0.04076229
0.1415451,0.8835117,0.04088792
0.1414146,0.8835922,0.04110324
0.1413046,0.8837605,0.04134379
0.141119,0.8838699,0.04178822
0.1410174,0.8839136,0.04216509
0.1409732,0.8840092,0.04253849
0.1406518,0.8843425,0.0431394
0.1407404,0.8848811,0.04228114
0.1414905,0.8838115,0.04134473
0.1419711,0.8839119,0.0414943
0.1421125,0.8840967,0.04168321
0.1421295,0.884206,0.04179275
0.1421387,0.884198,0.04217069
0.1423256,0.8840116,0.0424251
0.1425371,0.8840049,0.04247747
0.1426728,0.884074,0.04255395
0.1428022,0.8841833,0.04244722
0.1429461,0.8843504,0.04214023
0.1431907,0.8844678,0.04167759
0.1434165,0.884651,0.04114714
0.1437014,0.8848373,0.04060811
0.1440309,0.8850451,0.04017937
0.144208,0.8853977,0.03956906
0.1443453,0.8858127,0.03894328
0.1444531,0.886003,0.03835759
0.1446497,0.8859853,0.03804119
0.1450832,0.8859099,0.03778432
0.14559,0.885789,0.03754903
0.1461606,0.8856621,0.03770988
0.146898,0.8856943,0.03815706
0.147387,0.885303,0.03852369
0.1478973,0.8850052,0.03829555
0.1479166,0.8844002,0.03783306
0.1482445,0.8836761,0.0373566
0.1491657,0.8832412,0.03725316
0.1502029,0.8830845,0.03723063
0.1509149,0.8828292,0.03698477
0.1518642,0.8825336,0.03654431
0.1532791,0.8824691,0.03617586
0.1542102,0.8823324,0.0355698
0.154963,0.8821144,0.0346393
0.1559651,0.8823,0.03407557
0.1570783,0.8824705,0.03369199
0.1580443,0.8823223,0.03363301
0.1586641,0.882217,0.03383194
0.1588024,0.8820696,0.03371689
0.158365,0.8816755,0.03333037
0.1576108,0.8817436,0.03283724
0.1570798,0.8819662,0.03277099
0.1564841,0.8830205,0.03279743
0.1553633,0.8838877,0.03248213
0.1545766,0.8843215,0.03252034
0.1542394,0.884677,0.03245994
0.1539161,0.8848241,0.03233421
0.1530981,0.8848761,0.03170083
0.1520302,0.884713,0.03096081
0.1511045,0.8845776,0.03026541
0.149729,0.8847483,0.02965346
0.1485566,0.8850564,0.029222
0.1479188,0.8852966,0.0291156
0.1473366,0.8854958,0.02909093
0.1470404,0.8856035,0.02883939
0.1470181,0.8859108,0.02846666
0.1469048,0.886014,0.02780595
0.1466032,0.8859922,0.02724522
0.1462445,0.8859594,0.02701618
0.1460044,0.8859828,0.02700771
0.1458246,0.886102,0.02717145
0.1457434,0.8858957,0.02739631
0.1458532,0.8855503,0.02771224
0.1459506,0.8852084,0.02792953
0.1459622,0.8849142,0.0281937
0.1459543,0.8847259,0.02836917
0.1458724,0.8844457,0.02852385
0.1457798,0.8844464,0.02853538
0.1457328,0.8844237,0.02867635
0.1457555,0.884385,0.028813
0.1456666,0.8843111,0.02885507
0.1456006,0.8841715,0.02886644
0.1455193,0.8839558,0.02888337
0.1455143,0.883735,0.02890572
8.656653,0.8836024,0.997933
8.6568,0.8836638,0.9979953
8.656846,0.883724,0.9980819
8.656921,0.8837214,0.9981874
8.657042,0.8835986,0.9982179
8.657215,0.8834992,0.9981459
8.657224,0.8835889,0.9980143
8.657041,0.8837443,0.9978544
8.656755,0.8837821,0.9978006
8.65631,0.8835333,0.9977241
8.65593,0.8830044,0.9976262
8.655935,0.8824866,0.9974227
8.656013,0.8817587,0.9971801
8.655923,0.8808854,0.9966553
8.65565,0.8803053,0.9963655
8.655534,0.8795825,0.996717
8.65534,0.8781191,0.9981074
8.655608,0.8767404,0.9993416
8.654945,0.8766297,0.9986664
8.653788,0.8758596,0.998292
8.652967,0.8745427,0.9992349
8.652929,0.8727222,1.000665
8.65309,0.8703647,1.002776
8.653482,0.8681489,1.005416
8.654001,0.8649612,1.007712
8.654262,0.8611544,1.010522
8.654462,0.8568326,1.013291
8.654211,0.8528145,1.015948
8.653552,0.8489431,1.019303
8.65374,0.8446651,1.025323
8.655222,0.8420325,1.02971
8.656453,0.8383103,1.037388
8.658445,0.8359397,1.041762
8.661664,0.8339344,1.044807
8.663886,0.8315758,1.04876
8.665465,0.8284064,1.054547
8.66869,0.8262256,1.058061
8.671965,0.8234859,1.062769
8.676296,0.8207458,1.066741
8.681252,0.8185247,1.070027
8.688696,0.8159733,1.07346
8.695904,0.8131669,1.076263
8.703893,0.8095227,1.079664
8.711487,0.8060179,1.081782
8.721352,0.8009748,1.083668
8.730201,0.7965191,1.084509
8.739655,0.7916604,1.086339
8.748113,0.7879607,1.088401
8.758997,0.7830685,1.091042
8.766618,0.7791542,1.09351
8.773506,0.7746828,1.095918
8.779387,0.7710426,1.098096
8.786022,0.7676147,1.100457
8.79309,0.764128,1.103215
8.800492,0.7602802,1.104393
8.807765,0.7565997,1.104615
8.815174,0.7536231,1.103558
8.82463,0.7512267,1.102828
8.833831,0.7487484,1.101063
8.843467,0.747025,1.098593
8.843467,0.747025,1.098593
8.843467,0.747025,1.098593
8.843467,0.747025,1.098593
8.843467,0.747025,1.098593
8.843467,0.747025,1.098593
8.843467,0.747025,1.098593
8.843467,0.747025,1.098593
8.843467,0.747025,1.098593
8.843467,0.747025,1.098593
8.843467,0.747025,1.098593
8.843467,0.747025,1.098593
8.843467,0.747025,1.098593
8.843467,0.747025,1.098593
8.843467,0.747025,1.098593
8.843467,0.747025,1.098593
8.843467,0.747025,1.098593
8.843467,0.747025,1.098593
8.843467,0.747025,1.098593
8.843467,0.747025,1.098593
8.843467,0.747025,1.098593
8.843467,0.747025,1.098593
8.843467,0.747025,1.098593
8.843467,0.747025,1.098593
8.843467,0.747025,1.098593
8.843467,0.747025,1.098593
8.843467,0.747025,1.098593
8.843467,0.747025,1.098593
8.843467,0.747025,1.098593
8.843467,0.747025,1.098593
8.949984,0.7801796,1.043768
8.920791,0.7790979,1.054982
8.905406,0.7836431,1.061206
8.898354,0.7906472,1.058481
8.889432,0.7948139,1.054502
8.87452,0.7954138,1.054094
8.859471,0.7946635,1.059671
8.842565,0.7944368,1.067119
8.827688,0.7954884,1.073089
8.811415,0.7966495,1.078594
8.793195,0.797875,1.083857
8.774183,0.7999871,1.08722
8.754165,0.8019956,1.089789
8.734035,0.8044518,1.089944
8.713817,0.8067412,1.088737
8.694805,0.8087898,1.085487
8.676221,0.8111572,1.080001
8.659464,0.8123847,1.073372
8.643198,0.8136864,1.065315
8.629146,0.8149757,1.05622
8.615754,0.8163636,1.045203
8.604944,0.8171542,1.034092
8.594907,0.8181821,1.022192
8.584371,0.8191519,1.008502
8.575768,0.8195921,0.9965609
8.566499,0.8200163,0.9812116
8.559876,0.8203948,0.9671383
8.554156,0.8210015,0.9519677
8.549397,0.8216053,0.9360666
8.545822,0.822257,0.9221385
8.543256,0.8227542,0.9089882
8.541513,0.8233311,0.8956857
8.540453,0.8236957,0.8845655
8.539806,0.824071,0.8741177
8.539344,0.8240808,0.8636407
8.539418,0.823773,0.8554693
8.539883,0.8221758,0.844902
8.540157,0.8200021,0.8384191
8.540571,0.8169865,0.8322262
8.54149,0.8144566,0.8283688
8.543002,0.8119587,0.8262174
8.544419,0.8086616,0.8255401
8.546037,0.8054746,0.8257778
8.547406,0.8025755,0.8283566
8.548687,0.8003836,0.8311213
8.549867,0.7978817,0.8354532
8.550603,0.7957647,0.8392714
8.55114,0.7933436,0.8451868
8.551633,0.7925552,0.8505785
8.551116,0.7910691,0.8550449
8.549523,0.7913056,0.8572194
8.546829,0.7912894,0.8567428
8.543342,0.7905179,0.8559363
8.540829,0.7903236,0.8536789
8.539358,0.7903431,0.8505293
8.541345,0.7912589,0.845203
8.545761,0.7919574,0.8388928
8.551941,0.7915631,0.8312759
8.557733,0.7921394,0.824729
8.56241,0.7920471,0.8181481
8.566072,0.78997,0.812264
8.570528,0.7861128,0.8077214
8.57373,0.7816398,0.8034286
8.578669,0.7779961,0.7997078
8.586065,0.7763541,0.7966365
8.591501,0.7754807,0.7943735
8.597641,0.7742239,0.7908787
8.604625,0.7711601,0.7866932
8.608772,0.7686585,0.7824274
8.612847,0.7662199,0.7765784
8.615151,0.7628825,0.7696085
8.615479,0.7599939,0.7625589
8.614466,0.7567263,0.7550507
8.61395,0.7549941,0.748168
8.613524,0.7545252,0.7428541
8.613265,0.7530163,0.7387205
8.612009,0.7513528,0.7349622
8.611413,0.7486196,0.7324783
8.614434,0.7456995,0.7311829
8.61834,0.7454923,0.7296365
8.62125,0.7471157,0.7276493
8.624755,0.750233,0.7235572
8.629708,0.7501972,0.7188076
8.635127,0.7476032,0.7127451
8.638465,0.7431521,0.7086241
8.642839,0.7424983,0.7081816
8.650418,0.7440148,0.7078975
8.659596,0.7463132,0.706937
8.666403,0.7478009,0.7096291
8.670796,0.7460225,0.7137322
8.672572,0.7426661,0.7170129
8.673999,0.7384289,0.7201929
8.678594,0.7335835,0.7236084
8.684562,0.7346233,0.7254021
8.694872,0.738587,0.728043
8.700359,0.737439,0.729574
8.705805,0.7341927,0.7311403
8.710572,0.7325688,0.7326838
8.715017,0.7318357,0.7341531
8.719408,0.7309371,0.7357051
8.723267,0.729151,0.7367184
8.727375,0.7262073,0.7379051
8.73021,0.7238643,0.7387013
8.73266,0.7213306,0.7393696
8.734889,0.7185326,0.7394759
8.73878,0.7189938,0.7392314
8.742044,0.7177597,0.7391074
8.743934,0.7136162,0.7364494
8.744725,0.7084351,0.7327063
8.745234,0.7038206,0.7290115
8.744964,0.6994771,0.7238571
8.744359,0.6948946,0.7179042
8.742256,0.6906926,0.7114433
8.7408,0.6894317,0.7052061
8.739382,0.6880019,0.696661
8.7388,0.686564,0.6885621
8.737934,0.6849201,0.6799129
8.737295,0.6821547,0.6715283
8.73608,0.6786223,0.6616431
8.733891,0.6753998,0.6495524
8.732294,0.6732025,0.6362706
8.731395,0.6719483,0.6259292
8.730827,0.672385,0.6140863
8.730844,0.6737228,0.6005908
8.731274,0.6745535,0.5886862
8.732809,0.6756974,0.5753005
8.734414,0.6753035,0.5650032
8.73549,0.6744178,0.5530607
8.735753,0.6725531,0.5427421
8.735664,0.6710148,0.5322518
8.735876,0.6692134,0.5234585
8.734746,0.665073,0.5137548
8.731898,0.6586087,0.5033504
8.72817,0.6505752,0.4926748
8.724966,0.6411662,0.4816716
8.723485,0.632991,0.4713041
8.723053,0.6234738,0.4623031
8.723961,0.6147238,0.4590874
8.725847,0.6082478,0.4627611
8.729872,0.6031478,0.4696748
8.737128,0.6000217,0.478731
8.746306,0.6003966,0.4877426
8.757128,0.6000602,0.497759
8.767753,0.5999285,0.5075761
8.778927,0.6006761,0.5163468
8.789312,0.6018267,0.5241717
8.799247,0.6025748,0.5299501
8.807676,0.605683,0.5340221
8.815606,0.6075521,0.5360332
8.822441,0.6087602,0.5385542
8.828217,0.6080832,0.5418373
8.833265,0.6050491,0.5435247
8.838253,0.6036231,0.5438939
8.842929,0.6043422,0.5434074
8.847262,0.6061227,0.5415852
8.851034,0.6079954,0.5395293
8.854099,0.6108159,0.5369267
8.856691,0.6138978,0.5331645
8.858715,0.6166661,0.5287979
8.860795,0.619243,0.525638
8.862462,0.6218742,0.5240667
8.864067,0.6247245,0.5216923
8.865073,0.6283125,0.5191981
8.865535,0.6312997,0.5167328
8.865586,0.6329483,0.5144064
8.86605,0.6338007,0.5123292
8.866197,0.6343826,0.5102791
8.866383,0.6347408,0.5085769
8.866568,0.6347558,0.5072188
8.86661,0.6347405,0.5057685
8.866602,0.6347911,0.5052261
8.866489,0.6353586,0.5050039
8.866327,0.6362834,0.5048957
8.865957,0.6372674,0.5043292
8.865685,0.6383198,0.5040287
8.865643,0.6394029,0.5039151
8.865551,0.6413535,0.5044421
8.865492,0.6431207,0.5050467
8.866008,0.6449209,0.5059617
8.86677,0.646453,0.5068214
8.867297,0.6480933,0.5078244
8.867401,0.6495708,0.5088356
8.867327,0.6506789,0.5099404
8.867128,0.6516181,0.5109499
8.866924,0.6526204,0.5118611
8.866507,0.6527748,0.5127677
8.866594,0.6519191,0.513485
8.866698,0.651064,0.5140713
8.866456,0.6502183,0.5145167
8.866254,0.6494256,0.5149032
8.86586,0.6488085,0.5156225
8.86573,0.6482642,0.5166473
8.865784,0.6479988,0.5175667
8.865762,0.6476427,0.518446
8.865875,0.6473374,0.5193305
8.865863,0.6477339,0.5200083
8.866082,0.6477868,0.520512
8.866424,0.6471236,0.5208557
8.867043,0.6462204,0.5210985
8.867602,0.6454322,0.5210664
8.867885,0.6453652,0.5203998
8.867906,0.6460065,0.519133
8.867674,0.6459115,0.517083
8.866984,0.6456966,0.5140613
8.865727,0.6445941,0.5096437
8.863319,0.6424017,0.5048292
8.858655,0.6420279,0.4985766
8.850048,0.644111,0.4892949
8.838921,0.6462147,0.4764714
8.822049,0.6469777,0.4605624
8.80418,0.6478499,0.4418385
8.78875,0.6512106,0.4239561
8.777531,0.652494,0.4125646
8.767026,0.6538301,0.4070089
8.760806,0.6556924,0.4083783
8.756196,0.6593729,0.4134544
8.752704,0.6645167,0.4196635
8.748046,0.6681932,0.4235002
8.742035,0.6724332,0.4271536
8.732087,0.6758578,0.4294283
8.721426,0.6777895,0.4308639
8.705496,0.6746007,0.4333838
8.687854,0.6662527,0.4369661
8.670732,0.6565114,0.4406968
8.653672,0.6472995,0.4452297
8.642138,0.6412657,0.4504236
8.633401,0.6352877,0.4554701
8.62785,0.6317264,0.4594422
8.622518,0.627165,0.4631457
8.619766,0.6256095,0.4663532
8.614553,0.6227267,0.4699021
8.610445,0.6204069,0.4723973
8.608381,0.6157689,0.4756373
8.606355,0.6122861,0.4768998
8.601609,0.6083074,0.4769043
8.594799,0.604256,0.475548
8.588192,0.6021624,0.4733234
8.58341,0.6025073,0.4719201
8.582716,0.6051702,0.4721258
8.584382,0.6084839,0.4722849
8.586638,0.6103414,0.4724869
8.589684,0.6121925,0.47363
8.593595,0.6121691,0.4767545
8.598062,0.6124166,0.4801729
8.604124,0.6130381,0.483759
8.609093,0.6127995,0.4860174
8.614532,0.6129961,0.4894403
8.620523,0.6130703,0.4903995
8.626545,0.6127124,0.4902638
8.632055,0.6113046,0.4897231
8.639275,0.6091647,0.4880832
8.646876,0.6078827,0.4863747
8.656134,0.6075354,0.4842034
8.666376,0.6077043,0.4821968
8.677158,0.6071486,0.4796663
8.688003,0.6067015,0.4771174
8.697468,0.604955,0.473799
8.707739,0.6024852,0.4688556
8.715785,0.5977684,0.4619635
8.725903,0.5921807,0.4554501
8.734175,0.5884693,0.4508736
8.745059,0.5846604,0.4475004
8.754498,0.5823705,0.4457042
8.764774,0.5805397,0.4454674
8.773767,0.5791183,0.4457848
8.785041,0.5779641,0.445915
8.796221,0.5781789,0.4488069
8.807697,0.5766558,0.450276
8.818663,0.5746046,0.4499667
8.829494,0.5725473,0.4478652
8.840889,0.5705194,0.444804
8.850226,0.5691111,0.4422434
8.860421,0.5685052,0.4400864
8.869423,0.5676864,0.4378584
8.878613,0.5669323,0.4354119
8.885558,0.566403,0.4337426
8.893529,0.5643826,0.4318382
8.900259,0.5624832,0.43139
8.907308,0.5585819,0.4321516
8.912809,0.5547975,0.4324679
8.917873,0.5510209,0.4337318
8.922794,0.5464551,0.4348544
8.92657,0.5411216,0.4346574
8.929729,0.5343792,0.4341499
8.932963,0.5254645,0.434922
8.935795,0.5152503,0.436876
8.936805,0.5023234,0.4418474
8.935536,0.4908729,0.447928
8.933751,0.4748178,0.4582548
8.935618,0.4603214,0.4676901
8.942091,0.4467579,0.4735233
8.949171,0.4351365,0.4743967
8.953749,0.4266204,0.4717175
8.955723,0.4188386,0.4670601
8.957337,0.4125535,0.4626854
8.961744,0.4059162,0.4584223
8.966889,0.4004064,0.4540667
8.973387,0.3952076,0.4506449
8.979721,0.3916416,0.4477139
8.986092,0.3895926,0.4461833
8.995623,0.3866489,0.4452391
9.003177,0.3850525,0.4446948
9.009382,0.3837218,0.4440484
9.013035,0.3830748,0.4431629
9.013257,0.384618,0.4424365
9.010099,0.3864585,0.4404176
9.00503,0.3906313,0.4384401
8.999156,0.3952534,0.4366578
8.993615,0.4004288,0.4347979
8.989793,0.4050962,0.4336864
8.985611,0.4107845,0.4321735
8.98132,0.4164605,0.4307566
8.977878,0.4220117,0.4292094
8.976506,0.4268528,0.4272167
8.975892,0.4334202,0.4266836
8.976664,0.4395039,0.4278033
8.974883,0.4461666,0.4291996
8.972297,0.4532096,0.4313921
8.97029,0.4587244,0.4335981
8.968002,0.4653206,0.4360711
8.965351,0.4719971,0.4377036
8.962971,0.4781581,0.4390872
8.960532,0.4837763,0.4405063
8.95778,0.4885606,0.4414587
8.956366,0.4907207,0.4416729
8.954801,0.4933428,0.4420082
8.952755,0.4966099,0.4420381
8.950832,0.5000028,0.4423004
8.948943,0.5035685,0.4426766
8.946953,0.5075299,0.4440237
8.94524,0.5120771,0.4454414
8.943234,0.5159883,0.4461216
8.941471,0.5196249,0.4468654
8.93929,0.5234973,0.4478826
8.937478,0.5262033,0.4487167
8.935509,0.5291966,0.4493577
8.933966,0.5314609,0.4497022
8.932216,0.5339531,0.4505326
8.931223,0.5362906,0.4510752
8.930171,0.5385736,0.4517368
8.92893,0.5400482,0.4521251
8.928021,0.5409361,0.4519388
8.927383,0.5416701,0.4520015
8.926549,0.5418982,0.4519661
8.925717,0.5420405,0.4521294
8.925179,0.5421407,0.4523758
8.924428,0.5420913,0.4527129
8.923653,0.5421565,0.4529592
8.922234,0.5424056,0.4526966
8.921264,0.542669,0.452289
8.920529,0.542877,0.4520625
8.919407,0.5431179,0.4518871
8.918568,0.5431219,0.4515286
8.917837,0.5433123,0.4512562
8.917094,0.5434161,0.4509344
8.916708,0.5433602,0.450727
8.916326,0.5428892,0.4505953
8.915947,0.5423638,0.4508362
8.915566,0.5421959,0.4510477
8.915298,0.5420872,0.4514825
8.915032,0.5421008,0.4520509
8.914467,0.542399,0.4525425
8.913867,0.5426974,0.4527774
8.913138,0.5431996,0.4528819
8.91246,0.543373,0.4528173
8.911539,0.5434206,0.4525177
8.910721,0.54333,0.4525439
8.90965,0.5431614,0.4524469
8.908916,0.5430572,0.4520045
8.907436,0.5430221,0.4522384
8.906167,0.5429668,0.4526109
8.904877,0.5430177,0.4529134
8.903533,0.5431435,0.453209
8.902179,0.5430332,0.4536066
8.901153,0.5429157,0.4535493
8.900581,0.5427188,0.4534208
8.899658,0.5424225,0.4533443
8.899028,0.5421932,0.4534151
8.898379,0.5422813,0.4533791
8.897883,0.5424312,0.4534581
8.897412,0.5426918,0.4536148
8.897147,0.5429714,0.4537934
8.896563,0.5432831,0.4541003
8.896056,0.5433422,0.4544848
8.895697,0.5433152,0.4547123
8.895473,0.543309,0.4549621
8.895114,0.5435421,0.4555765
8.894781,0.5444998,0.4565363
8.894393,0.5454243,0.4574145
8.894206,0.5458174,0.4576797
8.893709,0.5458376,0.4578051
8.893307,0.5455317,0.4578383
8.892736,0.5447993,0.4575371
8.892427,0.5443634,0.4573924
8.892113,0.5441393,0.4574095
8.89195,0.5439531,0.457272
8.891894,0.5438689,0.4573475
8.891536,0.5437574,0.4579107
8.891351,0.5438969,0.4578062
8.891077,0.5440266,0.4577038
8.890903,0.5440605,0.4575051
8.89098,0.5439538,0.4571558
8.891154,0.5435684,0.4567754
8.891205,0.5430675,0.4564328
8.891247,0.5420954,0.4558401
8.891171,0.5407969,0.4550376
8.891337,0.539637,0.4542351
8.891815,0.5384759,0.4535801
8.891951,0.5370449,0.4525022
8.892145,0.5363562,0.4515863
8.892429,0.5353077,0.4510373
8.893413,0.5337031,0.4508287
8.894393,0.5310776,0.450031
8.89527,0.5279966,0.448452
8.896899,0.5242045,0.4459707
8.898973,0.5197623,0.4426829
8.901659,0.5146832,0.4392956
8.904173,0.5103321,0.4362199
8.908131,0.5047848,0.431956
8.910451,0.5023743,0.430004
8.913503,0.4995431,0.4273021
8.915866,0.498073,0.4247347
8.917837,0.4971849,0.4237198
8.919927,0.4966943,0.4216438
8.921425,0.4965614,0.4205527
8.922222,0.4971714,0.4189149
8.922367,0.4987327,0.417354
8.921742,0.501319,0.4163876
8.921004,0.5041949,0.4160185
8.919801,0.5086645,0.4156174
8.919209,0.5117551,0.4159312
8.918791,0.5138601,0.4176493
8.918362,0.5156288,0.419837
8.917069,0.5179005,0.4231316
8.915066,0.5207984,0.426662
8.912704,0.5246139,0.4301787
8.90899,0.5297704,0.4344617
8.906026,0.533673,0.437927
8.903582,0.5367208,0.4411988
8.902537,0.5371081,0.4433777
8.902423,0.5363154,0.4451483
8.902514,0.5348306,0.4453782
8.902906,0.5342387,0.4465011
8.903218,0.5339618,0.4476425
8.90324,0.5339676,0.4487156
8.902888,0.5344166,0.4489251
8.902835,0.5348004,0.4486163
8.902943,0.5348629,0.4479159
8.903193,0.5346107,0.4472934
8.903651,0.5342346,0.446565
8.904421,0.533675,0.4454863
8.905454,0.532665,0.4442187
8.906618,0.5302466,0.4428977
8.907657,0.5273763,0.4416672
8.908665,0.5249351,0.4410802
8.909275,0.5231711,0.4409601
8.909669,0.522895,0.4413391
8.909674,0.5230207,0.441924
8.909973,0.5233043,0.4427406
8.910215,0.5240774,0.443312
8.909727,0.5258914,0.44418
8.908924,0.5278736,0.4446285
8.907923,0.5292262,0.4443992
8.907272,0.5302961,0.4435802
8.906625,0.5310248,0.4428595
8.906049,0.5312259,0.4420449
8.905407,0.5313053,0.4410084
8.904857,0.5314662,0.4399102
8.903983,0.5311664,0.4391208
8.902204,0.5314743,0.439142
8.899628,0.5321495,0.4402233
8.896392,0.5333312,0.4421102
8.893798,0.5344439,0.4444736
8.891191,0.5352744,0.447853
8.889738,0.5356171,0.4502982
8.886436,0.5360652,0.4535014
8.882766,0.5363598,0.4573843
8.878301,0.5352627,0.4631604
8.871001,0.5344313,0.4686546
8.864758,0.5319643,0.474124
8.854354,0.528302,0.481922
8.84572,0.5250366,0.4898987
8.837977,0.5216088,0.4971348
8.830914,0.5160753,0.5058886
8.830914,0.5160753,0.5058886
8.830914,0.5160753,0.5058886
8.830914,0.5160753,0.5058886
8.830914,0.5160753,0.5058886
8.830914,0.5160753,0.5058886
8.830914,0.5160753,0.5058886
8.830914,0.5160753,0.5058886
8.830914,0.5160753,0.5058886
8.830914,0.5160753,0.5058886
8.830914,0.5160753,0.5058886
8.830914,0.5160753,0.5058886
8.830914,0.5160753,0.5058886
8.830914,0.5160753,0.5058886
8.830914,0.5160753,0.5058886
8.830914,0.5160753,0.5058886
8.830914,0.5160753,0.5058886
8.830914,0.5160753,0.5058886
8.830914,0.5160753,0.5058886
8.830914,0.5160753,0.5058886
8.830914,0.5160753,0.5058886
8.830914,0.5160753,0.5058886
8.830914,0.5160753,0.5058886
8.830914,0.5160753,0.5058886
8.830914,0.5160753,0.5058886
8.830914,0.5160753,0.5058886
8.830914,0.5160753,0.5058886
8.830914,0.5160753,0.5058886
8.830914,0.5160753,0.5058886
8.830914,0.5160753,0.5058886
8.830914,0.5160753,0.5058886
8.830914,0.5160753,0.5058886
8.830914,0.5160753,0.5058886
8.830914,0.5160753,0.5058886
8.830914,0.5160753,0.5058886
8.830914,0.5160753,0.5058886
8.830914,0.5160753,0.5058886
8.830914,0.5160753,0.5058886
8.830914,0.5160753,0.5058886
8.830914,0.5160753,0.5058886
8.830914,0.5160753,0.5058886
8.830914,0.5160753,0.5058886
8.830914,0.5160753,0.5058886
8.830914,0.5160753,0.5058886
8.830914,0.5160753,0.5058886
8.830914,0.5160753,0.5058886
8.830914,0.5160753,0.5058886
8.830914,0.5160753,0.5058886
8.830914,0.5160753,0.5058886
8.830914,0.5160753,0.5058886
8.830914,0.5160753,0.5058886
8.830914,0.5160753,0.5058886
8.830914,0.5160753,0.5058886
8.830914,0.5160753,0.5058886
8.830914,0.5160753,0.5058886
8.830914,0.5160753,0.5058886
8.830914,0.5160753,0.5058886
8.830914,0.5160753,0.5058886
8.830914,0.5160753,0.5058886
8.830914,0.5160753,0.5058886
8.830914,0.5160753,0.5058886
8.830914,0.5160753,0.5058886
8.830914,0.5160753,0.5058886
8.830914,0.5160753,0.5058886
8.830914,0.5160753,0.5058886
8.830914,0.5160753,0.5058886
8.830914,0.5160753,0.5058886
8.830914,0.5160753,0.5058886
8.830914,0.5160753,0.5058886
8.830914,0.5160753,0.5058886
8.830914,0.5160753,0.5058886
8.830914,0.5160753,0.5058886
8.830914,0.5160753,0.5058886
8.830914,0.5160753,0.5058886
8.830914,0.5160753,0.5058886
8.830914,0.5160753,0.5058886
8.830914,0.5160753,0.5058886
8.830914,0.5160753,0.5058886
8.830914,0.5160753,0.5058886
8.830914,0.5160753,0.5058886
8.830914,0.5160753,0.5058886
8.830914,0.5160753,0.5058886
8.830914,0.5160753,0.5058886
8.830914,0.5160753,0.5058886
8.830914,0.5160753,0.5058886
8.830914,0.5160753,0.5058886
8.830914,0.5160753,0.5058886
8.830914,0.5160753,0.5058886
8.830914,0.5160753,0.5058886
8.830914,0.5160753,0.5058886
8.830914,0.5160753,0.5058886
8.830914,0.5160753,0.5058886
8.830914,0.5160753,0.5058886
8.830914,0.5160753,0.5058886
8.830914,0.5160753,0.5058886
8.830914,0.5160753,0.5058886
8.830914,0.5160753,0.5058886
8.830914,0.5160753,0.5058886
8.830914,0.5160753,0.5058886
8.830914,0.5160753,0.5058886
8.830914,0.5160753,0.5058886
8.830914,0.5160753,0.5058886
8.830914,0.5160753,0.5058886
8.830914,0.5160753,0.5058886
8.830914,0.5160753,0.5058886
8.830914,0.5160753,0.5058886
8.830914,0.5160753,0.5058886
8.830914,0.5160753,0.5058886
8.830914,0.5160753,0.5058886
8.830914,0.5160753,0.5058886
8.830914,0.5160753,0.5058886
8.830914,0.5160753,0.5058886
8.830914,0.5160753,0.5058886
8.830914,0.5160753,0.5058886
8.830914,0.5160753,0.5058886
8.830914,0.5160753,0.5058886
8.830914,0.5160753,0.5058886
8.830914,0.5160753,0.5058886
8.830914,0.5160753,0.5058886
8.830914,0.5160753,0.5058886
8.830914,0.5160753,0.5058886
8.830914,0.5160753,0.5058886
8.830914,0.5160753,0.5058886
8.830914,0.5160753,0.5058886
8.830914,0.5160753,0.5058886
8.830914,0.5160753,0.5058886
8.830914,0.5160753,0.5058886
8.830914,0.5160753,0.5058886
8.830914,0.5160753,0.5058886
8.830914,0.5160753,0.5058886
8.830914,0.5160753,0.5058886
8.830914,0.5160753,0.5058886
8.830914,0.5160753,0.5058886
8.830914,0.5160753,0.5058886
8.830914,0.5160753,0.5058886
8.830914,0.5160753,0.5058886
8.830914,0.5160753,0.5058886
8.830914,0.5160753,0.5058886
8.830914,0.5160753,0.5058886
8.830914,0.5160753,0.5058886
8.830914,0.5160753,0.5058886
8.830914,0.5160753,0.5058886
8.830914,0.5160753,0.5058886
8.830914,0.5160753,0.5058886
8.830914,0.5160753,0.5058886
8.830914,0.5160753,0.5058886
8.830914,0.5160753,0.5058886
8.830914,0.5160753,0.5058886
8.830914,0.5160753,0.5058886
8.830914,0.5160753,0.5058886
8.830914,0.5160753,0.5058886
8.830914,0.5160753,0.5058886
8.830914,0.5160753,0.5058886
8.830914,0.5160753,0.5058886
8.830914,0.5160753,0.5058886
8.830914,0.5160753,0.5058886
8.830914,0.5160753,0.5058886
8.830914,0.5160753,0.5058886
8.830914,0.5160753,0.5058886
8.830914,0.5160753,0.5058886
8.830914,0.5160753,0.5058886
8.830914,0.5160753,0.5058886
8.830914,0.5160753,0.5058886
8.830914,0.5160753,0.5058886
8.830914,0.5160753,0.5058886
8.830914,0.5160753,0.5058886
8.830914,0.5160753,0.5058886
8.830914,0.5160753,0.5058886
8.830914,0.5160753,0.5058886
8.830914,0.5160753,0.5058886
8.830914,0.5160753,0.5058886
8.830914,0.5160753,0.5058886
8.830914,0.5160753,0.5058886
8.830914,0.5160753,0.5058886
8.830914,0.5160753,0.5058886
8.830914,0.5160753,0.5058886
8.830914,0.5160753,0.5058886
8.830914,0.5160753,0.5058886
8.830914,0.5160753,0.5058886
8.830914,0.5160753,0.5058886
8.830914,0.5160753,0.5058886
8.830914,0.5160753,0.5058886
8.830914,0.5160753,0.5058886
8.830914,0.5160753,0.5058886
8.830914,0.5160753,0.5058886
8.830914,0.5160753,0.5058886
8.830914,0.5160753,0.5058886
8.830914,0.5160753,0.5058886
8.830914,0.5160753,0.5058886
8.830914,0.5160753,0.5058886
8.830914,0.5160753,0.5058886
8.830914,0.5160753,0.5058886
8.830914,0.5160753,0.5058886
8.830914,0.5160753,0.5058886
8.830914,0.5160753,0.5058886
8.830914,0.5160753,0.5058886
8.830914,0.5160753,0.5058886
8.830914,0.5160753,0.5058886
8.830914,0.5160753,0.5058886
8.830914,0.5160753,0.5058886
8.830914,0.5160753,0.5058886
8.830914,0.5160753,0.5058886
8.830914,0.5160753,0.5058886
8.830914,0.5160753,0.5058886
8.830914,0.5160753,0.5058886
8.830914,0.5160753,0.5058886
8.830914,0.5160753,0.5058886
8.830914,0.5160753,0.5058886
8.830914,0.5160753,0.5058886
8.830914,0.5160753,0.5058886
8.830914,0.5160753,0.5058886
8.830914,0.5160753,0.5058886
8.830914,0.5160753,0.5058886
8.830914,0.5160753,0.5058886
8.830914,0.5160753,0.5058886
8.830914,0.5160753,0.5058886
8.830914,0.5160753,0.5058886
8.830914,0.5160753,0.5058886
8.830914,0.5160753,0.5058886
8.830914,0.5160753,0.5058886
8.830914,0.5160753,0.5058886
8.830914,0.5160753,0.5058886
8.830914,0.5160753,0.5058886
8.830914,0.5160753,0.5058886
8.830914,0.5160753,0.5058886
8.830914,0.5160753,0.5058886
8.830914,0.5160753,0.5058886
8.830914,0.5160753,0.5058886
8.830914,0.5160753,0.5058886
8.830914,0.5160753,0.5058886
8.830914,0.5160753,0.5058886
8.830914,0.5160753,0.5058886
8.830914,0.5160753,0.5058886
8.830914,0.5160753,0.5058886
8.830914,0.5160753,0.5058886
8.830914,0.5160753,0.5058886
8.830914,0.5160753,0.5058886
8.830914,0.5160753,0.5058886
8.830914,0.5160753,0.5058886
8.830914,0.5160753,0.5058886
8.830914,0.5160753,0.5058886
8.830914,0.5160753,0.5058886
8.830914,0.5160753,0.5058886
8.830914,0.5160753,0.5058886
8.830914,0.5160753,0.5058886
8.830914,0.5160753,0.5058886
8.830914,0.5160753,0.5058886
8.830914,0.5160753,0.5058886
8.830914,0.5160753,0.5058886
8.830914,0.5160753,0.5058886
8.830914,0.5160753,0.5058886
8.830914,0.5160753,0.5058886
8.830914,0.5160753,0.5058886
8.830914,0.5160753,0.5058886
8.830914,0.5160753,0.5058886
8.830914,0.5160753,0.5058886
8.830914,0.5160753,0.5058886
8.830914,0.5160753,0.5058886
8.830914,0.5160753,0.5058886
8.830914,0.5160753,0.5058886
8.830914,0.5160753,0.5058886
8.830914,0.5160753,0.5058886
8.830914,0.5160753,0.5058886
8.830914,0.5160753,0.5058886
8.830914,0.5160753,0.5058886
8.830914,0.5160753,0.5058886
8.830914,0.5160753,0.5058886
8.830914,0.5160753,0.5058886
8.830914,0.5160753,0.5058886
8.830914,0.5160753,0.5058886
8.830914,0.5160753,0.5058886
8.830914,0.5160753,0.5058886
8.830914,0.5160753,0.5058886
8.830914,0.5160753,0.5058886
8.830914,0.5160753,0.5058886
8.830914,0.5160753,0.5058886
8.830914,0.5160753,0.5058886
8.830914,0.5160753,0.5058886
8.830914,0.5160753,0.5058886
8.830914,0.5160753,0.5058886
8.830914,0.5160753,0.5058886
8.830914,0.5160753,0.5058886
8.830914,0.5160753,0.5058886
8.830914,0.5160753,0.5058886
8.830914,0.5160753,0.5058886
8.830914,0.5160753,0.5058886
8.830914,0.5160753,0.5058886
8.830914,0.5160753,0.5058886
8.830914,0.5160753,0.5058886
8.830914,0.5160753,0.5058886
8.830914,0.5160753,0.5058886
8.830914,0.5160753,0.5058886
8.830914,0.5160753,0.5058886
8.830914,0.5160753,0.5058886
8.830914,0.5160753,0.5058886
8.830914,0.5160753,0.5058886
8.830914,0.5160753,0.5058886
8.830914,0.5160753,0.5058886
8.830914,0.5160753,0.5058886
8.830914,0.5160753,0.5058886
8.830914,0.5160753,0.5058886
8.830914,0.5160753,0.5058886
8.830914,0.5160753,0.5058886
8.830914,0.5160753,0.5058886
8.830914,0.5160753,0.5058886
8.830914,0.5160753,0.5058886
8.830914,0.5160753,0.5058886
8.830914,0.5160753,0.5058886
8.830914,0.5160753,0.5058886
8.830914,0.5160753,0.5058886
8.830914,0.5160753,0.5058886
8.830914,0.5160753,0.5058886
8.830914,0.5160753,0.5058886
8.830914,0.5160753,0.5058886
8.830914,0.5160753,0.5058886
8.830914,0.5160753,0.5058886
8.830914,0.5160753,0.5058886
8.830914,0.5160753,0.5058886
8.830914,0.5160753,0.5058886
8.830914,0.5160753,0.5058886
8.830914,0.5160753,0.5058886
8.830914,0.5160753,0.5058886
8.830914,0.5160753,0.5058886
8.830914,0.5160753,0.5058886
8.830914,0.5160753,0.5058886
8.830914,0.5160753,0.5058886
8.830914,0.5160753,0.5058886
8.830914,0.5160753,0.5058886
8.830914,0.5160753,0.5058886
8.830914,0.5160753,0.5058886
8.830914,0.5160753,0.5058886
8.830914,0.5160753,0.5058886
8.830914,0.5160753,0.5058886
8.830914,0.5160753,0.5058886
8.830914,0.5160753,0.5058886
8.830914,0.5160753,0.5058886
8.830914,0.5160753,0.5058886
8.830914,0.5160753,0.5058886
8.830914,0.5160753,0.5058886
8.830914,0.5160753,0.5058886
8.830914,0.5160753,0.5058886
8.830914,0.5160753,0.5058886
8.830914,0.5160753,0.5058886
8.830914,0.5160753,0.5058886
8.830914,0.5160753,0.5058886
8.830914,0.5160753,0.5058886
8.830914,0.5160753,0.5058886
8.830914,0.5160753,0.5058886
8.830914,0.5160753,0.5058886
8.830914,0.5160753,0.5058886
8.830914,0.5160753,0.5058886
8.830914,0.5160753,0.5058886
8.830914,0.5160753,0.5058886
8.830914,0.5160753,0.5058886
8.830914,0.5160753,0.5058886
8.830914,0.5160753,0.5058886
8.830914,0.5160753,0.5058886
8.830914,0.5160753,0.5058886
8.830914,0.5160753,0.5058886
8.830914,0.5160753,0.5058886
8.830914,0.5160753,0.5058886
8.830914,0.5160753,0.5058886
8.830914,0.5160753,0.5058886
8.738657,0.8805581,0.8855615
8.755325,0.9227825,0.8960775
8.751615,0.9335459,0.9058192
8.748906,0.9418307,0.9147987
8.742919,0.9517828,0.9277666
8.733706,0.9577957,0.9398486
8.721766,0.9612744,0.9516199
8.711146,0.9631837,0.9612058
8.702986,0.9652625,0.9668643
8.696898,0.9690427,0.9719408
8.694638,0.9734588,0.9769755
8.695342,0.9765297,0.9820095
8.693901,0.976193,0.9864124
8.686134,0.9702306,0.9936193
8.67607,0.9578119,0.9979342
8.673302,0.9522498,0.9965582
8.676108,0.9534019,0.9938772
8.681643,0.9552131,0.9896996
8.683204,0.9557582,0.9843943
8.684773,0.9605818,0.9804047
8.683798,0.9594231,0.9760171
8.683057,0.9588798,0.9715489
8.681061,0.95933,0.9688861
8.677539,0.9592655,0.9667289
8.674134,0.9603339,0.9647754
8.670497,0.9619909,0.9625263
8.668149,0.9650318,0.9606311
8.666591,0.9683221,0.9581571
8.666839,0.9752283,0.955377
8.666814,0.9791036,0.9528165
8.666223,0.9789725,0.948751
8.665663,0.9766379,0.9440655
8.663952,0.9729492,0.9370241
8.663476,0.968915,0.9305772
8.662222,0.9622138,0.9246253
8.661482,0.9551007,0.9195487
8.660568,0.944513,0.9134101
8.661011,0.9346367,0.9087058
8.660843,0.9224122,0.9049965
8.660034,0.9107665,0.9021105
8.65812,0.8989933,0.8993744
8.656449,0.8883222,0.8971204
8.654119,0.8789082,0.8962717
8.651358,0.872567,0.8976713
8.648743,0.8685746,0.8996838
8.647647,0.8668943,0.9024318
8.647272,0.8676329,0.9052934
8.64584,0.8705918,0.9080954
8.645814,0.8747068,0.9115912
8.647343,0.8797308,0.9169314
8.648597,0.8834749,0.921657
8.648216,0.8869985,0.9281753
8.646522,0.8900836,0.9346685
8.644163,0.8924671,0.942394
8.641769,0.8959249,0.9493588
8.637823,0.8992174,0.9551209
8.633211,0.9033931,0.9602538
8.630627,0.9079888,0.9646068
8.628014,0.914323,0.9684339
8.62465,0.9190667,0.9723351
8.62197,0.9222766,0.9749622
8.618628,0.9256168,0.9763373
8.616269,0.93002,0.9773567
8.613935,0.9336442,0.9774652
8.612046,0.9365619,0.9781389
8.610818,0.9375275,0.9780679
8.610076,0.9370578,0.9768544
8.605492,0.9354518,0.9762418
8.606244,0.9329423,0.9747652
8.608785,0.9311226,0.9730399
8.609674,0.929189,0.97142
8.610209,0.9265111,0.9695258
8.610665,0.9234152,0.967963
8.610354,0.920621,0.9667842
8.610066,0.9177862,0.9658328
8.609933,0.9150615,0.9650816
8.609592,0.9128862,0.9635703
8.609168,0.9112163,0.9622991
8.609434,0.9096125,0.9611002
8.60984,0.9080852,0.9602707
8.611587,0.9066654,0.9587503
8.61345,0.9058853,0.9578026
8.615917,0.9054313,0.9575442
8.618742,0.9051266,0.9577673
8.620879,0.903854,0.9581274
8.623049,0.9026857,0.9586565
8.626163,0.9021775,0.9599394
8.628214,0.9013193,0.9611979
8.629879,0.9006189,0.9626853
8.630791,0.9000183,0.9645821
8.630327,0.8994144,0.9662701
8.628733,0.898217,0.9682101
8.626911,0.8967207,0.9695311
8.625237,0.8954499,0.9706219
8.624169,0.8947521,0.971898
8.623123,0.8928664,0.9728817
8.622832,0.8909565,0.9728093
8.62242,0.8888115,0.9725021
8.622099,0.886771,0.971898
8.620761,0.8841625,0.9710165
8.619625,0.8812519,0.9693697
8.618798,0.8798988,0.9680192
8.61726,0.878493,0.9662035
8.61699,0.8774756,0.963752
8.618249,0.877065,0.9606035
8.621442,0.8782592,0.9573348
8.626789,0.881749,0.9516239
8.631173,0.8847666,0.942724
8.636792,0.8824883,0.9337501
8.643816,0.8732556,0.9271024
8.652238,0.8614224,0.9191517
8.657901,0.8482196,0.912328
8.662552,0.8296582,0.9058831
8.666642,0.8106802,0.9003661
8.673511,0.7861615,0.8928574
8.677667,0.7616133,0.8861833
8.677667,0.7616133,0.8861833
8.677667,0.7616133,0.8861833
8.677667,0.7616133,0.8861833
8.677667,0.7616133,0.8861833
8.677667,0.7616133,0.8861833
8.677667,0.7616133,0.8861833
8.677667,0.7616133,0.8861833
8.677667,0.7616133,0.8861833
8.677667,0.7616133,0.8861833
8.677667,0.7616133,0.8861833
8.677667,0.7616133,0.8861833
8.677667,0.7616133,0.8861833
8.677667,0.7616133,0.8861833
8.677667,0.7616133,0.8861833
8.677667,0.7616133,0.8861833
8.677667,0.7616133,0.8861833
8.677667,0.7616133,0.8861833
8.677667,0.7616133,0.8861833
8.677667,0.7616133,0.8861833
8.677667,0.7616133,0.8861833
8.677667,0.7616133,0.8861833
8.677667,0.7616133,0.8861833
8.677667,0.7616133,0.8861833
8.677667,0.7616133,0.8861833
8.677667,0.7616133,0.8861833
8.677667,0.7616133,0.8861833
8.775568,0.6874054,0.6963953
8.783616,0.7026511,0.6878749
8.785536,0.7048715,0.6757952
8.788244,0.7073939,0.6650814
8.791198,0.7120654,0.6581436
8.794703,0.7177969,0.651255
8.798522,0.7242821,0.6419227
8.803181,0.7298928,0.6309757
8.807061,0.7338004,0.6206475
8.811678,0.7384248,0.609881
8.816677,0.7426675,0.5985948
8.821847,0.7467292,0.5884449
8.827806,0.7499426,0.5769638
8.83378,0.7528194,0.5661625
8.838432,0.754705,0.557518
8.842563,0.755358,0.5478173
8.845501,0.7551163,0.5381058
8.847763,0.753969,0.5281241
8.85041,0.7528116,0.5184432
8.852199,0.7516943,0.5088785
8.854081,0.7505272,0.5010487
8.855923,0.7489696,0.4946653
8.85662,0.7468454,0.4871121
8.856236,0.7443414,0.4794712
8.855631,0.7421773,0.4741802
8.855144,0.7402783,0.469848
8.854771,0.7388909,0.4667296
8.853837,0.7373679,0.4645529
8.852458,0.7360747,0.4630521
8.850274,0.734093,0.4617601
8.847625,0.7315215,0.4595239
8.844998,0.7290016,0.4577092
8.841537,0.7258899,0.454196
8.838655,0.7240925,0.4503626
8.836037,0.7223726,0.4475715
8.832888,0.7198629,0.4462279
8.829895,0.7171395,0.4460906
8.827136,0.7147128,0.4464846
8.824522,0.7129243,0.4470625
8.821631,0.71165,0.447652
8.818875,0.711376,0.4482455
8.815812,0.7108043,0.44844
8.813235,0.710651,0.4482447
8.810171,0.7109166,0.4485533
8.807305,0.7116671,0.4491223
8.803992,0.7128705,0.4506788
8.801752,0.7147222,0.4531302
8.800166,0.7158008,0.4563554
8.798581,0.717016,0.4607578
8.797206,0.7182992,0.4663146
8.794435,0.7205148,0.4742128
8.791565,0.7233236,0.4829493
8.788486,0.7273315,0.4951526
8.785379,0.7295682,0.5068109
8.781729,0.7318571,0.5203055
8.77871,0.7312105,0.5333177
8.777127,0.7304512,0.5464902
8.777127,0.7304512,0.5464902
8.777127,0.7304512,0.5464902
8.777127,0.7304512,0.5464902
8.777127,0.7304512,0.5464902
8.777127,0.7304512,0.5464902
8.777127,0.7304512,0.5464902
8.777127,0.7304512,0.5464902
8.777127,0.7304512,0.5464902
8.777127,0.7304512,0.5464902
8.777127,0.7304512,0.5464902
8.777127,0.7304512,0.5464902
8.777127,0.7304512,0.5464902
8.777127,0.7304512,0.5464902
8.777127,0.7304512,0.5464902
8.777127,0.7304512,0.5464902
8.777127,0.7304512,0.5464902
8.777127,0.7304512,0.5464902
8.777127,0.7304512,0.5464902
8.777127,0.7304512,0.5464902
8.777127,0.7304512,0.5464902
8.777127,0.7304512,0.5464902
8.777127,0.7304512,0.5464902
8.777127,0.7304512,0.5464902
8.777127,0.7304512,0.5464902
8.777127,0.7304512,0.5464902
8.777127,0.7304512,0.5464902
8.777127,0.7304512,0.5464902
8.777127,0.7304512,0.5464902
8.777127,0.7304512,0.5464902
8.777127,0.7304512,0.5464902
8.777127,0.7304512,0.5464902
8.777127,0.7304512,0.5464902
8.777127,0.7304512,0.5464902
8.777127,0.7304512,0.5464902
8.777127,0.7304512,0.5464902
8.777127,0.7304512,0.5464902
8.777127,0.7304512,0.5464902
8.777127,0.7304512,0.5464902
8.777127,0.7304512,0.5464902
8.777127,0.7304512,0.5464902
8.777127,0.7304512,0.5464902
8.777127,0.7304512,0.5464902
8.777127,0.7304512,0.5464902
8.777127,0.7304512,0.5464902
8.777127,0.7304512,0.5464902
8.777127,0.7304512,0.5464902
8.758043,0.8118315,0.7874598
8.740584,0.8181269,0.7976042
8.731459,0.8278819,0.8058897
8.724118,0.8356846,0.8147821
8.714507,0.8386365,0.8242658
8.707347,0.8384681,0.8300976
8.701558,0.8378643,0.8361176
8.697681,0.8381632,0.8399613
8.69286,0.8393651,0.8429711
8.689045,0.8405443,0.8457732
8.686488,0.8425418,0.8487002
8.684785,0.8441573,0.8511405
8.683986,0.846031,0.8531156
8.683466,0.8481463,0.8558611
8.683239,0.8500302,0.8575921
8.683431,0.852243,0.8588619
8.683712,0.8550585,0.8595539
8.683661,0.8577514,0.860483
8.682842,0.85931,0.8608122
8.681642,0.8604839,0.8604388
8.680602,0.8619058,0.8590736
8.679914,0.8642882,0.8577278
8.679413,0.8661883,0.8560271
8.678548,0.8682033,0.8547608
8.677592,0.869984,0.8532559
8.676455,0.8712783,0.8514396
8.675628,0.8730467,0.8491629
8.675556,0.8751126,0.8467337
8.675856,0.8776869,0.843981
8.677246,0.880869,0.8410254
8.679516,0.8838812,0.8373102
8.682039,0.8856044,0.8323172
8.684241,0.8876873,0.8263397
8.685625,0.889041,0.8216756
8.686453,0.8892856,0.8167328
8.687459,0.8889901,0.8097785
8.688524,0.8881243,0.8026442
8.689499,0.8868523,0.7946655
8.689749,0.8858679,0.7873566
8.689796,0.8843837,0.7798269
8.689387,0.8830746,0.7732808
8.690246,0.881867,0.7659753
8.693125,0.8821272,0.7604082
8.699132,0.8847378,0.7547562
8.708623,0.889571,0.751599
8.716389,0.8905583,0.7508018
8.712957,0.8825251,0.7475737
8.710039,0.8742338,0.7442386
8.711576,0.8673062,0.7411029
8.713207,0.8607388,0.7408271
8.713823,0.8536548,0.7414078
8.712568,0.8443914,0.7408567
8.711051,0.8350738,0.7385063
8.709558,0.8267141,0.7343724
8.70891,0.8198267,0.7283966
8.709579,0.8143604,0.7221333
8.710407,0.8078095,0.7148724
8.711285,0.8008464,0.7084904
8.711903,0.7927251,0.7020427
8.712604,0.7847481,0.6971055
8.713637,0.7769635,0.6938269
8.715169,0.7689429,0.6919668
8.717457,0.7601967,0.6911193
8.720431,0.750572,0.6927924
8.724895,0.7412465,0.6959468
8.729605,0.7287422,0.7002928
8.735746,0.7155433,0.704998
8.74394,0.7011154,0.7111202
8.751789,0.6866789,0.7170528
8.759851,0.6711828,0.7225817
8.767419,0.6561775,0.7280392
8.773564,0.6421902,0.7327128
8.778272,0.6294401,0.7363759
8.782678,0.6162642,0.7386169
8.78514,0.6049432,0.739633
8.786169,0.5952698,0.7396926
8.785669,0.5872985,0.7396001
8.784942,0.5801704,0.7389189
8.784465,0.5750037,0.7381725
8.783321,0.5710108,0.7375815
8.782069,0.5690692,0.7365239
8.781594,0.5690753,0.7348621
8.781549,0.5692962,0.7319481
8.781034,0.5693555,0.7292761
8.780601,0.5689924,0.7271819
8.781514,0.5678925,0.7252597
8.782564,0.5674967,0.7236447
8.782565,0.5672393,0.7220424
8.782647,0.5674522,0.7208899
8.782605,0.5675231,0.7201018
8.783275,0.5663868,0.7203162
8.783615,0.5653561,0.7198285
8.78351,0.564899,0.7198306
8.783659,0.5644764,0.7200593
8.783748,0.5648215,0.7198526
8.784067,0.5653955,0.7202789
8.784738,0.5647805,0.720616
8.785458,0.5642389,0.7211555
8.785659,0.5641797,0.7216876
8.786234,0.5649376,0.7222106
8.786888,0.565581,0.7216612
8.787346,0.5671561,0.7214727
8.788024,0.5689772,0.7206333
8.788351,0.5708958,0.7202444
8.788944,0.5730298,0.7200039
8.789231,0.5744439,0.7194598
8.789564,0.5760843,0.7191685
8.78962,0.5774435,0.7188908
8.790073,0.5782938,0.7188163
8.790725,0.5787335,0.719151
8.791725,0.5794314,0.7198799
8.792768,0.5803394,0.7200796
8.79405,0.5817941,0.720349
8.795682,0.5832621,0.720418
8.797519,0.585362,0.7208039
8.799657,0.5872037,0.7214914
8.801741,0.5884686,0.721887
8.803148,0.5909379,0.7222006
8.804608,0.5939623,0.7219818
8.806335,0.5978634,0.7214773
8.808631,0.6016815,0.7205319
8.81198,0.6058318,0.7186507
8.81421,0.609048,0.7163705
8.816606,0.6102365,0.713603
8.818838,0.6105268,0.7105247
8.820373,0.6098677,0.7077823
8.821284,0.6098618,0.7048439
8.821722,0.6089665,0.7026435
8.821918,0.6077414,0.7011527
8.822312,0.6064471,0.6993167
8.822753,0.6051298,0.6967543
8.823414,0.6043571,0.6957618
8.824022,0.6039472,0.69411
8.824767,0.6043187,0.6926445
8.825263,0.6055481,0.6911333
8.82548,0.6066441,0.689265
8.825049,0.6076179,0.6879396
8.824833,0.6082961,0.6864751
8.824152,0.6077247,0.6854139
8.823461,0.606073,0.6846209
8.82299,0.6045225,0.6839722
8.822816,0.6031779,0.6834998
8.823071,0.6026025,0.6833155
8.823221,0.6024168,0.6832965
8.823339,0.6023381,0.6830878
8.823703,0.6021252,0.683217
8.824064,0.6019258,0.6834267
8.823982,0.6025813,0.6835172
8.824036,0.6031336,0.6837312
8.824057,0.6032969,0.6838982
8.824168,0.6033423,0.6842896
8.82428,0.6033843,0.6845731
8.824668,0.6034188,0.6849293
8.824866,0.6036305,0.6849558
8.825214,0.6040386,0.6849374
8.825511,0.6043497,0.6847981
8.825817,0.6046234,0.6845437
8.825976,0.6047307,0.6841235
8.825861,0.604907,0.6835395
8.825995,0.6051135,0.6830831
8.826323,0.6053927,0.6826999
8.826312,0.6055016,0.6822972
8.826267,0.6058151,0.6819358
8.825928,0.6059792,0.6813747
8.825632,0.6062329,0.6810422
8.825619,0.606438,0.6807571
8.825762,0.606778,0.6805723
8.826123,0.6071766,0.6805307
8.826263,0.6075898,0.6808277
8.826231,0.6081334,0.6812849
8.825974,0.6086746,0.6818315
8.825847,0.6089826,0.6823305
8.825834,0.6091807,0.6831084
8.825759,0.6092069,0.6835865
8.825807,0.6095229,0.6842328
8.825901,0.6098377,0.6846415
8.825909,0.6101494,0.6848819
8.825871,0.6108584,0.6852102
8.826096,0.6116816,0.6854213
8.826728,0.6122559,0.6858073
8.827832,0.6125599,0.6863884
8.828922,0.6126493,0.6868235
8.829994,0.612569,0.6873853
8.830523,0.6123555,0.6878663
8.830477,0.6121395,0.6880988
8.830177,0.6121027,0.6881263
8.829945,0.6122872,0.6880955
8.829555,0.6125034,0.6875778
8.829222,0.6126677,0.6868998
8.829262,0.6123704,0.6859001
8.829115,0.6115565,0.684958
8.829053,0.6104105,0.6841085
8.828833,0.6093524,0.6834304
8.828642,0.608729,0.6827384
8.828332,0.6086719,0.6824517
8.828154,0.6088965,0.6820643
8.827836,0.6093342,0.6816679
8.827532,0.6097789,0.68152
8.827538,0.6099942,0.681517
8.827591,0.6103335,0.6814976
8.827617,0.6104603,0.6816857
8.827667,0.6104514,0.6820811
8.8279,0.6102435,0.6825626
8.827933,0.6099645,0.682906
8.828155,0.6097056,0.6834403
8.828408,0.6094084,0.6840199
8.828923,0.6090065,0.6845682
8.829179,0.6088325,0.6849889
8.830007,0.6088018,0.6852417
8.830751,0.6092682,0.6853282
8.831148,0.6107508,0.6850457
8.831505,0.6122088,0.684648
8.831922,0.6134962,0.6842098
8.832293,0.614722,0.6837795
8.832366,0.6156914,0.6833544
8.83269,0.6161732,0.6829615
8.833098,0.6163483,0.6828662
8.833567,0.6165205,0.6829007
8.833975,0.616404,0.6828734
8.83429,0.6160744,0.6828713
8.834656,0.6156248,0.6828567
8.835135,0.6151685,0.682844
8.835346,0.6148602,0.6828019
8.835559,0.6148144,0.6827816
8.835991,0.6147889,0.6827426
8.836324,0.6150912,0.682739
8.836685,0.6154647,0.6828245
8.836881,0.6156215,0.6830696
8.836988,0.6153697,0.6833488
8.837255,0.6148036,0.6834881
8.837163,0.6142064,0.6837227
8.837428,0.6138067,0.6837825
8.837941,0.6137898,0.6836795
8.83803,0.614139,0.6833423
8.838178,0.6141568,0.6829557
8.837978,0.6139753,0.682404
8.837611,0.6136829,0.6817901
8.837152,0.6133417,0.6810418
8.837061,0.6127025,0.6805215
8.8371,0.6118036,0.6800721
8.837049,0.6111645,0.6798593
8.837069,0.6108015,0.6796888
8.83709,0.6106328,0.6796409
8.836976,0.6105723,0.6796352
8.836849,0.6106116,0.679771
8.836781,0.6106752,0.6798824
8.836636,0.6108323,0.6800895
8.8367,0.6111065,0.6802782
8.837068,0.6115772,0.6803999
8.83718,0.611886,0.6804171
8.837152,0.6119477,0.6805394
8.837114,0.6118629,0.6806576
8.83721,0.6115656,0.6809984
8.837251,0.6111867,0.681447
8.837078,0.6107367,0.6820707
8.836892,0.6101534,0.6826336
8.836858,0.6097448,0.68295
8.836735,0.6096488,0.6833752
8.836589,0.6095653,0.6838893
8.836518,0.6092979,0.6840081
8.836445,0.6091884,0.6844014
8.836566,0.6087689,0.6845093
8.836493,0.6081092,0.6853009
8.836368,0.6072585,0.6866161
8.836365,0.6065555,0.6870147
8.83624,0.6059768,0.6879319
8.836464,0.6056939,0.6886372
8.836738,0.6056954,0.6893271
8.836631,0.6058506,0.6895041
8.836716,0.6064252,0.690179
8.836967,0.6069496,0.6906796
8.837044,0.6073434,0.6913395
8.837114,0.6074965,0.6918446
8.837543,0.6075619,0.6928906
8.837622,0.6073779,0.6939807
8.837596,0.6070488,0.6951957
8.837607,0.6067005,0.6967764
8.837918,0.6063994,0.6981264
8.838109,0.6062899,0.6988089
8.837914,0.6062689,0.6996317
8.837696,0.6060442,0.7000394
8.837588,0.6058487,0.700636
8.837493,0.605427,0.7010269
8.837131,0.6050462,0.7011461
8.837145,0.6047389,0.701156
8.83685,0.6044538,0.701213
8.836663,0.6040981,0.7013797
8.836287,0.6037108,0.7013843
8.836031,0.6035088,0.7015306
8.835804,0.6032339,0.7015555
8.835903,0.6027963,0.7019889
8.83593,0.6022974,0.702287
8.835795,0.6021874,0.7024537
8.835779,0.6023129,0.7025344
8.835629,0.6024904,0.7023889
8.835567,0.6026614,0.7022867
8.835301,0.6029691,0.7018635
8.835246,0.6030507,0.7015084
8.835135,0.6031716,0.7013754
8.834994,0.6028968,0.7010429
8.835025,0.6023577,0.7009025
8.83484,0.6019228,0.7009055
8.834727,0.6015043,0.7011462
8.834558,0.6012888,0.7012388
8.834267,0.6012924,0.7011569
8.834067,0.6013432,0.7009394
8.833873,0.6015574,0.7005423
8.83353,0.6018471,0.7000333
8.833418,0.6022491,0.6993159
8.833431,0.6028339,0.6988906
8.833339,0.6035866,0.6980138
8.833241,0.6044254,0.6972604
8.833098,0.6051496,0.6961803
8.832873,0.6058034,0.6958627
8.832952,0.6060141,0.6956292
8.833,0.6056998,0.6954544
8.832944,0.6050208,0.6957846
8.833016,0.6042238,0.6962671
8.833001,0.6035496,0.6967133
8.832991,0.6032256,0.6971633
8.833074,0.6033375,0.6973013
8.833022,0.6041847,0.6970789
8.83285,0.605338,0.6963559
8.832537,0.6065137,0.6953586
8.832556,0.6073173,0.6942431
8.832661,0.6072847,0.6936531
8.832632,0.6062896,0.693766
8.832655,0.6052263,0.6940483
8.832612,0.6048048,0.6941424
8.832571,0.6049917,0.6944761
8.832591,0.6054393,0.6947213
8.832478,0.6063321,0.6955537
8.832682,0.6071783,0.6967008
8.832792,0.608274,0.6976499
8.833158,0.6100463,0.6981899
8.833373,0.6117448,0.6983761
8.833384,0.6131774,0.69921
8.834146,0.6134488,0.6997783
8.834832,0.6135192,0.7005104
8.835471,0.6141715,0.7009026
8.836208,0.6153632,0.7009
8.836878,0.6163542,0.7009806
8.837991,0.6174227,0.7010053
8.839616,0.6193298,0.7008017
8.84149,0.6230619,0.6997782
8.843915,0.6284628,0.6976539
8.846604,0.6355046,0.6945513
8.849665,0.6433817,0.6893977
8.852424,0.6527978,0.6834938
8.854112,0.6600853,0.6790544
8.856106,0.6660462,0.6745342
8.857628,0.6712193,0.6691558
8.858245,0.6779872,0.6603401
8.85735,0.6860905,0.649971
8.853833,0.6987801,0.6394454
8.848218,0.7125545,0.6307087
8.838863,0.7224682,0.623216
8.826105,0.7263876,0.6115513
8.813214,0.73013,0.5999592
8.804251,0.7388149,0.586184
8.790829,0.7459107,0.5769045
8.770274,0.7525043,0.568913
8.75534,0.7548099,0.5606618
8.73379,0.753949,0.5497191
8.714587,0.7511571,0.5430334
8.695303,0.7457009,0.537006
8.680795,0.7407196,0.532329
8.668846,0.7353697,0.5304499
8.658733,0.7280315,0.5294556
8.649218,0.7190662,0.5305111
8.642061,0.7120731,0.5336211
8.635738,0.7057443,0.5372822
8.630501,0.6991239,0.5403998
8.625768,0.6923257,0.5411949
8.621983,0.6837842,0.5422768
8.619184,0.6760412,0.5433222
8.615839,0.6666099,0.5434571
8.614278,0.657482,0.5431265
8.615163,0.6499289,0.5441194
8.615917,0.6451814,0.5450146
8.616265,0.6422633,0.5454666
8.617065,0.6408665,0.54762
8.618903,0.6411058,0.5505072
8.620125,0.6403454,0.5524379
8.621414,0.6394376,0.5535144
8.623958,0.6390718,0.5551938
8.625544,0.6383755,0.555544
8.627323,0.6368849,0.5559982
8.629024,0.6364791,0.5573057
8.631114,0.6363368,0.5596381
8.632936,0.6368839,0.5613202
8.635496,0.6379883,0.5610818
8.63698,0.6403931,0.5602121
8.637449,0.6430734,0.5603869
8.638273,0.6451987,0.5618166
8.639123,0.6464546,0.5640831
8.640828,0.6473551,0.565634
8.642173,0.6487333,0.5675827
8.643568,0.6500915,0.5692807
8.645006,0.6523044,0.5705576
8.64681,0.6556423,0.5719097
8.64824,0.6577893,0.5724802
8.649699,0.6600605,0.5737195
8.651025,0.662865,0.5746206
8.652614,0.6664796,0.5758706
8.653744,0.6706644,0.5763895
8.655346,0.6771918,0.5782744
8.656878,0.6837144,0.5795343
8.658469,0.6911255,0.5816229
8.660384,0.699415,0.583555
8.661551,0.7068375,0.5854686
8.663308,0.7162018,0.5871993
8.664754,0.7254744,0.5896847
8.666883,0.7365739,0.5932695
8.668898,0.7480093,0.5968813
8.67116,0.76031,0.6019681
8.672192,0.7744568,0.6073095
8.672897,0.7881947,0.611978
8.676187,0.805517,0.6191021
8.680158,0.8219607,0.6250426
8.682339,0.8412324,0.6300037
8.683628,0.8602026,0.6347444
8.686911,0.8792248,0.64113
8.693923,0.8977576,0.6492089
8.703123,0.9135898,0.6582286
8.711182,0.9270512,0.666683
8.718125,0.9411455,0.6754006
8.723603,0.9530793,0.6835887
8.730067,0.9648212,0.6921939
8.736386,0.974999,0.7007827
8.741719,0.9843798,0.709022
8.74707,0.9937426,0.7167731
8.749269,1.002662,0.7208619
8.752908,1.011234,0.726217
8.761973,1.018832,0.7338063
8.772588,1.025963,0.7427331
8.780864,1.031296,0.7509645
8.779143,1.035757,0.7515159
8.769469,1.036852,0.7484812
8.749947,1.038647,0.7477007
8.736508,1.038355,0.7559743
8.736204,1.033515,0.7694145
8.742035,1.028537,0.7848186
8.747036,1.023589,0.7987025
8.749077,1.018261,0.80999
8.747334,1.011393,0.8220186
8.744502,1.005845,0.8342454
8.742495,1.000142,0.8470773
8.741616,0.9948652,0.861182
8.742594,0.9895504,0.8717592
8.743736,0.9840775,0.8830349
8.745584,0.9788808,0.8925387
8.747494,0.9730349,0.9015425
8.749121,0.9681018,0.9092254
8.750572,0.9630495,0.9176871
8.75136,0.9576345,0.9261518
8.752643,0.9524851,0.9337707
8.751553,0.9496763,0.939182
8.752857,0.9473336,0.9446962
8.757321,0.9460993,0.9484193
8.765469,0.9459333,0.9516088
8.77393,0.946591,0.9530793
8.782152,0.9481162,0.9540871
8.788888,0.9491661,0.9547621
8.795125,0.9505309,0.9557111
8.79896,0.9519086,0.956466
8.801498,0.9535089,0.9569345
8.803148,0.9554684,0.9565732
8.804957,0.9565755,0.9572762
8.806248,0.9577978,0.9573033
8.807844,0.958912,0.9564884
8.810765,0.9604591,0.9548937
8.813851,0.9620066,0.9531055
8.817039,0.9634874,0.9509625
8.81955,0.9651265,0.9487774
8.821202,0.9663766,0.9470434
8.822836,0.9676909,0.9452311
8.823826,0.9688912,0.943388
8.824732,0.9700151,0.9414795
8.825698,0.9708288,0.9395064
8.825592,0.9717842,0.9374881
8.825049,0.972241,0.9350266
8.82448,0.9726297,0.9326986
8.823197,0.9728466,0.9302104
8.82121,0.9728969,0.9275544
8.819373,0.9730347,0.924984
8.817682,0.9734454,0.9222156
8.816114,0.9740036,0.9190266
8.81484,0.974986,0.9163103
8.813761,0.9754209,0.9139894
8.812877,0.9758287,0.9113433
8.812105,0.9754077,0.9088424
8.810853,0.9743956,0.9053215
8.809295,0.9735605,0.9023778
8.807378,0.9729777,0.8988649
8.805539,0.972663,0.8958455
8.802732,0.9718761,0.8924221
8.799316,0.9711066,0.8895865
8.796537,0.9702881,0.887491
8.794335,0.9689426,0.8855947
8.791785,0.9674698,0.8831925
8.788693,0.9663425,0.8804125
8.786655,0.9655749,0.8784797
8.784978,0.9656447,0.8756437
8.784042,0.9649947,0.8739487
8.78371,0.9642945,0.8723891
8.783585,0.9637218,0.870982
8.783199,0.9630733,0.8698472
8.782592,0.962043,0.8685478
8.781651,0.9608863,0.867147
8.780774,0.9598206,0.865911
8.779714,0.9586621,0.8650818
8.77841,0.9575592,0.8644472
8.77634,0.9561899,0.863472
8.774307,0.9546774,0.8627245
8.772555,0.9533297,0.8618944
8.771037,0.9523771,0.861417
8.769361,0.9515267,0.8611274
8.767798,0.9497599,0.8606709
8.766547,0.9484542,0.8600529
8.765632,0.9474276,0.8594657
8.764444,0.9463044,0.8586982
8.76317,0.9451423,0.8580781
8.762444,0.9442061,0.8574926
8.761208,0.9432731,0.8568799
8.760431,0.9427355,0.8565496
8.759995,0.9419702,0.8567128
8.759271,0.9409578,0.856567
8.758415,0.9404953,0.8563152
8.75787,0.9400529,0.8564228
8.757365,0.9393728,0.8564166
8.757235,0.939164,0.8560371
8.757216,0.9384599,0.8569813
8.757069,0.9380639,0.8575366
8.757112,0.9377993,0.8579844
8.757545,0.9373613,0.8585507
8.758422,0.937315,0.8589743
8.759443,0.937461,0.859302
8.760684,0.9375203,0.8596373
8.76207,0.937853,0.8598804
8.763367,0.9379788,0.8604205
8.764409,0.9380785,0.8608875
8.765262,0.9381886,0.8612866
8.766123,0.9378813,0.8618721
8.76723,0.937803,0.8625767
8.769062,0.9383815,0.8628254
8.77074,0.9383553,0.8636283
8.772611,0.9384013,0.8646564
8.774596,0.9384685,0.8662887
8.776519,0.9384411,0.8680937
8.778051,0.9382074,0.8696803
8.779593,0.9379563,0.8711861
8.781098,0.9379081,0.8730047
8.783107,0.9381171,0.8748298
8.785007,0.9381614,0.8768508
8.786845,0.9382632,0.878876
8.788845,0.9383009,0.8813143
8.79131,0.9381384,0.8842048
8.792901,0.9379331,0.8866805
8.794134,0.9374366,0.8889507
8.795454,0.9367934,0.8916481
8.796655,0.9357107,0.8946365
8.797744,0.9351308,0.8974169
8.798836,0.9345852,0.8995659
8.79997,0.9341915,0.9014959
8.801069,0.9339576,0.9035565
8.802338,0.9337459,0.9062686
8.803447,0.9333349,0.9083565
8.804395,0.9328846,0.9103966
8.80534,0.9324396,0.9122658
8.806458,0.9318098,0.9146181
8.807379,0.9311839,0.9165729
8.808517,0.9306051,0.9184463
8.809686,0.9299176,0.9204626
8.811091,0.9293948,0.9233014
8.813468,0.9288362,0.926355
8.815718,0.928367,0.9285909
8.818307,0.9278808,0.9306563
8.822779,0.927295,0.9333756
8.827349,0.9270845,0.9359664
8.831053,0.9272171,0.9386691
8.834143,0.9277099,0.9417577
8.835853,0.9279764,0.9452292
8.837012,0.9279006,0.9498874
8.837515,0.927077,0.9560299
8.838526,0.9261559,0.9603776
8.839926,0.9252476,0.9644863
8.841689,0.9243515,0.9682108
8.842875,0.9231855,0.9728591
8.84347,0.9217239,0.9769463
8.843741,0.9201525,0.9808194
8.843985,0.917986,0.9853926
8.84389,0.9154837,0.9899165
8.845677,0.9132518,0.9938708
8.847606,0.9116557,0.9970565
8.848777,0.910045,1.000342
8.849916,0.9086652,1.003403
8.850968,0.9073189,1.005982
8.852077,0.9058998,1.008511
8.852896,0.904626,1.010602
8.853657,0.9033518,1.012529
8.854636,0.9020583,1.01502
8.855325,0.9010287,1.016943
8.856037,0.9002169,1.018403
8.856897,0.8992601,1.020051
8.857754,0.8980085,1.021693
8.857748,0.8968177,1.022829
8.857703,0.89558,1.024093
8.857677,0.8945091,1.025323
8.857409,0.8938647,1.026309
8.857285,0.8932406,1.027142
8.85725,0.8924032,1.027956
8.857242,0.8918241,1.028612
8.857009,0.8911427,1.029284
8.856443,0.8903783,1.030116
8.855878,0.8897737,1.030748
8.855372,0.889118,1.031279
8.854959,0.8884526,1.031775
8.854435,0.8878545,1.032326
8.853838,0.8873623,1.032533
8.853589,0.8870276,1.032526
8.853211,0.8869525,1.032443
8.852823,0.8869784,1.032481
8.852183,0.8871364,1.03259
8.851722,0.8873203,1.032653
8.85148,0.8871842,1.032856
8.851308,0.8867694,1.033222
8.851266,0.8860115,1.033797
8.85085,0.8848377,1.034545
8.850622,0.8842011,1.034601
8.850324,0.8837729,1.034466
8.850105,0.8837385,1.034205
8.849612,0.8839536,1.03343
8.848826,0.8840495,1.033028
8.848088,0.8844712,1.032296
8.848405,0.8854243,1.03165
8.848639,0.8858132,1.030671
8.848432,0.885768,1.029919
8.847772,0.8854867,1.029055
8.847036,0.8854197,1.028344
8.846658,0.8855223,1.027628
8.846813,0.8858393,1.026459
8.84689,0.8861905,1.02533
8.846933,0.8867769,1.023955
8.846882,0.8869678,1.022917
8.846933,0.887127,1.022108
8.84722,0.8875372,1.021459
8.847336,0.8877586,1.020669
8.847056,0.8880901,1.019796
8.846529,0.8886158,1.018777
8.845623,0.8889492,1.017749
8.844641,0.8884156,1.016833
8.843395,0.8875194,1.01602
8.843161,0.8870421,1.015335
8.843072,0.8869196,1.014328
8.843263,0.8870253,1.013941
8.842985,0.8873482,1.013535
8.842244,0.8877478,1.013184
8.841356,0.8884534,1.012703
8.841181,0.8890715,1.012162
8.841613,0.8897851,1.011613
8.841842,0.8904424,1.010951
8.841945,0.8909119,1.010275
8.841978,0.8912823,1.009386
8.841305,0.8918477,1.008692
8.84019,0.8927268,1.00771
8.839484,0.8935425,1.006987
8.839611,0.8942648,1.006607
8.839875,0.8947631,1.006518
8.840096,0.8949323,1.006525
8.840549,0.8952413,1.006764
8.840523,0.8952816,1.007036
8.840444,0.8953384,1.00725
8.840264,0.8954342,1.007301
8.839759,0.8953484,1.007512
8.839317,0.8951861,1.007607
8.838837,0.8951816,1.007691
8.838541,0.8952239,1.007649
8.838166,0.8954313,1.007571
8.8376,0.8958185,1.00756
8.837542,0.8960474,1.007735
8.837578,0.8964968,1.007905
8.83709,0.8973761,1.008092
8.835588,0.8979788,1.008151
8.834458,0.8980036,1.00799
8.833499,0.8979884,1.00798
8.832498,0.8979784,1.008546
8.831312,0.8979858,1.009401
8.830863,0.8975655,1.010156
8.829824,0.8971873,1.011192
8.82953,0.8968977,1.012167
8.828238,0.8959209,1.012888
8.827457,0.8955564,1.013135
8.826777,0.8947536,1.013799
8.826188,0.8938709,1.014392
8.825917,0.8932081,1.01533
8.825854,0.8924705,1.01609
8.825198,0.8911834,1.01714
8.824821,0.8902521,1.017832
8.823769,0.8889375,1.018511
8.823365,0.8880047,1.018994
8.822292,0.8867536,1.019847
8.821963,0.8864477,1.020526
8.820839,0.8856335,1.021434
8.819882,0.8846164,1.022505
8.819165,0.8832062,1.023316
8.818382,0.8819193,1.024121
8.817536,0.8810208,1.024254
8.816933,0.8798402,1.023918
8.816551,0.878841,1.023332
8.816413,0.8772162,1.022099
8.816699,0.8762498,1.021086
8.817785,0.875923,1.020668
8.818823,0.8774714,1.021201
8.820986,0.8804539,1.021831
8.822471,0.8819337,1.021588
8.823623,0.8819483,1.020914
8.824134,0.8808406,1.020534
8.823858,0.879808,1.020612
